"id","Protein","Pathway","Metabolism"
"K00001","Alcohol dehydrogenase","Glycolysis / Gluconeogenesis","Carbohydrate metabolism"
"K00002","Alcohol dehydrogenase (NADP+)","Glycolysis / Gluconeogenesis","Carbohydrate metabolism"
"K00003","Homoserine dehydrogenase","Glycine, serine and threonine metabolism","Amino acid metabolism"
"K00005","Glycerol dehydrogenase","Propanoate metabolism","Carbohydrate metabolism"
"K00007","D-arabinitol 4-dehydrogenase","Pentose and glucuronate interconversions","Carbohydrate metabolism"
"K00008","L-iditol 2-dehydrogenase","Pentose and glucuronate interconversions","Carbohydrate metabolism"
"K00009","Mannitol-1-phosphate 5-dehydrogenase","Fructose and mannose metabolism","Carbohydrate metabolism"
"K00010","Myo-inositol 2-dehydrogenase / D-chiro-inositol 1-dehydrogenase","Inositol phosphate metabolism","Carbohydrate metabolism"
"K00011","Aldehyde reductase","Pentose and glucuronate interconversions","Carbohydrate metabolism"
"K00012","UDPglucose 6-dehydrogenase","Pentose and glucuronate interconversions","Carbohydrate metabolism"
"K00013","Histidinol dehydrogenase","Histidine metabolism","Amino acid metabolism"
"K00014","Shikimate dehydrogenase","Phenylalanine, tyrosine and tryptophan biosynthesis","Amino acid metabolism"
"K00015","Glyoxylate reductase","Glyoxylate and dicarboxylate metabolism","Carbohydrate metabolism"
"K00016","L-lactate dehydrogenase","Glycolysis / Gluconeogenesis","Carbohydrate metabolism"
"K00018","Glycerate dehydrogenase","Glyoxylate and dicarboxylate metabolism","Carbohydrate metabolism"
"K00019","3-hydroxybutyrate dehydrogenase","Butanoate metabolism","Carbohydrate metabolism"
"K00020","3-hydroxyisobutyrate dehydrogenase","Valine, leucine and isoleucine degradation","Amino acid metabolism"
"K00021","Hydroxymethylglutaryl-CoA reductase (NADPH)","Terpenoid backbone biosynthesis","Metabolism of terpenoids and polyketides"
"K00023","Acetoacetyl-CoA reductase","Glyoxylate and dicarboxylate metabolism","Carbohydrate metabolism"
"K00024","Malate dehydrogenase","Citrate cycle (TCA cycle)","Carbohydrate metabolism"
"K00029","Malate dehydrogenase (oxaloacetate-decarboxylating)(NADP+)","Pyruvate metabolism","Carbohydrate metabolism"
"K00030","Isocitrate dehydrogenase (NAD+)","Citrate cycle (TCA cycle)","Carbohydrate metabolism"
"K00031","Isocitrate dehydrogenase","Citrate cycle (TCA cycle)","Carbohydrate metabolism"
"K00032","Phosphogluconate 2-dehydrogenase","Pentose phosphate pathway","Carbohydrate metabolism"
"K00033","6-phosphogluconate dehydrogenase","Pentose phosphate pathway","Carbohydrate metabolism"
"K00034","Glucose 1-dehydrogenase","Pentose phosphate pathway","Carbohydrate metabolism"
"K00035","D-galactose 1-dehydrogenase","Galactose metabolism","Carbohydrate metabolism"
"K00036","Glucose-6-phosphate 1-dehydrogenase","Pentose phosphate pathway","Carbohydrate metabolism"
"K00038","3alpha(or 20beta)-hydroxysteroid dehydrogenase","Steroid hormone biosynthesis","Lipid metabolism"
"K00039","Ribitol 2-dehydrogenase","Pentose and glucuronate interconversions","Carbohydrate metabolism"
"K00040","Fructuronate reductase","Pentose and glucuronate interconversions","Carbohydrate metabolism"
"K00041","Tagaturonate reductase","Pentose and glucuronate interconversions","Carbohydrate metabolism"
"K00042","2-hydroxy-3-oxopropionate reductase","Glyoxylate and dicarboxylate metabolism","Carbohydrate metabolism"
"K00043","4-hydroxybutyrate dehydrogenase","Butanoate metabolism","Carbohydrate metabolism"
"K00045","Mannitol 2-dehydrogenase","Fructose and mannose metabolism","Carbohydrate metabolism"
"K00048","Lactaldehyde reductase","Glyoxylate and dicarboxylate metabolism","Carbohydrate metabolism"
"K00049","Glyoxylate/hydroxypyruvate reductase","Pyruvate metabolism","Carbohydrate metabolism"
"K00052","3-isopropylmalate dehydrogenase","C5-Branched dibasic acid metabolism","Carbohydrate metabolism"
"K00053","Ketol-acid reductoisomerase","Valine, leucine and isoleucine biosynthesis","Amino acid metabolism"
"K00055","Aryl-alcohol dehydrogenase","Tyrosine metabolism","Amino acid metabolism"
"K00058","D-3-phosphoglycerate dehydrogenase / 2-oxoglutarate reductase","Methane metabolism","Energy metabolism"
"K00059","3-oxoacyl-[acyl-carrier protein] reductase","Fatty acid biosynthesis","Lipid metabolism"
"K00060","Threonine 3-dehydrogenase","Glycine, serine and threonine metabolism","Amino acid metabolism"
"K00064","D-threo-aldose 1-dehydrogenase","Fructose and mannose metabolism","Carbohydrate metabolism"
"K00065","2-dehydro-3-deoxy-D-gluconate 5-dehydrogenase","Pentose and glucuronate interconversions","Carbohydrate metabolism"
"K00066","GDP-mannose 6-dehydrogenase","Fructose and mannose metabolism","Carbohydrate metabolism"
"K00067","DTDP-4-dehydrorhamnose reductase","O-Antigen nucleotide sugar biosynthesis","Glycan biosynthesis and metabolism"
"K00068","Sorbitol-6-phosphate 2-dehydrogenase","Fructose and mannose metabolism","Carbohydrate metabolism"
"K00074","3-hydroxybutyryl-CoA dehydrogenase","Butanoate metabolism","Carbohydrate metabolism"
"K00075","UDP-N-acetylmuramate dehydrogenase","Amino sugar and nucleotide sugar metabolism","Carbohydrate metabolism"
"K00077","2-dehydropantoate 2-reductase","Pantothenate and CoA biosynthesis","Metabolism of cofactors and vitamins"
"K00082","5-amino-6-(5-phosphoribosylamino)uracil reductase","Riboflavin metabolism","Metabolism of cofactors and vitamins"
"K00084","Carbonyl reductase 3","Arachidonic acid metabolism","Lipid metabolism"
"K00086","1,3-propanediol dehydrogenase","Propanoate metabolism","Carbohydrate metabolism"
"K00087","Xanthine dehydrogenase molybdenum-binding subunit","Purine metabolism","Nucleotide metabolism"
"K00090","Glyoxylate/hydroxypyruvate/2-ketogluconate reductase","Pentose phosphate pathway","Carbohydrate metabolism"
"K00093","Methanol dehydrogenase","Methane metabolism","Energy metabolism"
"K00094","Galactitol-1-phosphate 5-dehydrogenase","Galactose metabolism","Carbohydrate metabolism"
"K00097","4-hydroxythreonine-4-phosphate dehydrogenase","Vitamin B6 metabolism","Metabolism of cofactors and vitamins"
"K00099","1-deoxy-D-xylulose-5-phosphate reductoisomerase","Terpenoid backbone biosynthesis","Metabolism of terpenoids and polyketides"
"K00100","Butanol dehydrogenase","Butanoate metabolism","Carbohydrate metabolism"
"K00101","L-lactate dehydrogenase (cytochrome)","Pyruvate metabolism","Carbohydrate metabolism"
"K00102","D-lactate dehydrogenase (cytochrome)","Pyruvate metabolism","Carbohydrate metabolism"
"K00103","L-gulonolactone oxidase","Ascorbate and aldarate metabolism","Carbohydrate metabolism"
"K00104","Glycolate oxidase","Glyoxylate and dicarboxylate metabolism","Carbohydrate metabolism"
"K00106","Xanthine dehydrogenase/oxidase","Purine metabolism","Nucleotide metabolism"
"K00108","Choline dehydrogenase","Glycine, serine and threonine metabolism","Amino acid metabolism"
"K00109","2-hydroxyglutarate dehydrogenase","Butanoate metabolism","Carbohydrate metabolism"
"K00114","Alcohol dehydrogenase (cytochrome c)","Glycolysis / Gluconeogenesis","Carbohydrate metabolism"
"K00116","Malate dehydrogenase (quinone)","Citrate cycle (TCA cycle)","Carbohydrate metabolism"
"K00117","Quinoprotein glucose dehydrogenase","Pentose phosphate pathway","Carbohydrate metabolism"
"K00121","S-(hydroxymethyl)glutathione dehydrogenase / alcohol dehydrogenase","Glycolysis / Gluconeogenesis","Carbohydrate metabolism"
"K00122","Formate dehydrogenase","Glyoxylate and dicarboxylate metabolism","Carbohydrate metabolism"
"K00123","Formate dehydrogenase major subunit","Glyoxylate and dicarboxylate metabolism","Carbohydrate metabolism"
"K00124","Formate dehydrogenase iron-sulfur subunit","Glyoxylate and dicarboxylate metabolism","Carbohydrate metabolism"
"K00125","Formate dehydrogenase (coenzyme F420) beta subunit","Methane metabolism","Energy metabolism"
"K00126","Formate dehydrogenase subunit delta","Glyoxylate and dicarboxylate metabolism","Carbohydrate metabolism"
"K00127","Formate dehydrogenase subunit gamma","Glyoxylate and dicarboxylate metabolism","Carbohydrate metabolism"
"K00128","Aldehyde dehydrogenase (NAD+)","Glycolysis / Gluconeogenesis","Carbohydrate metabolism"
"K00129","Aldehyde dehydrogenase (NAD(P)+)","Glycolysis / Gluconeogenesis","Carbohydrate metabolism"
"K00130","Betaine-aldehyde dehydrogenase","Glycine, serine and threonine metabolism","Amino acid metabolism"
"K00131","Glyceraldehyde-3-phosphate dehydrogenase (NADP+)","Glycolysis / Gluconeogenesis","Carbohydrate metabolism"
"K00132","Acetaldehyde dehydrogenase (acetylating)","Pyruvate metabolism","Carbohydrate metabolism"
"K00133","Aspartate-semialdehyde dehydrogenase","Glycine, serine and threonine metabolism","Amino acid metabolism"
"K00134","Glyceraldehyde 3-phosphate dehydrogenase","Glycolysis / Gluconeogenesis","Carbohydrate metabolism"
"K00135","Succinate-semialdehyde dehydrogenase / glutarate-semialdehyde dehydrogenase","Butanoate metabolism","Carbohydrate metabolism"
"K00137","Aminobutyraldehyde dehydrogenase","Lysine degradation","Amino acid metabolism"
"K00138","Aldehyde dehydrogenase","Glycolysis / Gluconeogenesis","Carbohydrate metabolism"
"K00140","Malonate-semialdehyde dehydrogenase (acetylating) / methylmalonate-semialdehyde dehydrogenase","Propanoate metabolism","Carbohydrate metabolism"
"K00141","Benzaldehyde dehydrogenase (NAD)","Aminobenzoate degradation","Xenobiotics biodegradation and metabolism"
"K00143","L-2-aminoadipate reductase","Lysine biosynthesis","Amino acid metabolism"
"K00145","N-acetyl-gamma-glutamyl-phosphate reductase","Arginine biosynthesis","Amino acid metabolism"
"K00146","Phenylacetaldehyde dehydrogenase","Phenylalanine metabolism","Amino acid metabolism"
"K00147","Glutamate-5-semialdehyde dehydrogenase","Arginine and proline metabolism","Amino acid metabolism"
"K00148","Glutathione-independent formaldehyde dehydrogenase","Methane metabolism","Energy metabolism"
"K00150","Glyceraldehyde-3-phosphate dehydrogenase (NAD(P))","Glycolysis / Gluconeogenesis","Carbohydrate metabolism"
"K00151","5-carboxymethyl-2-hydroxymuconic-semialdehyde dehydrogenase","Tyrosine metabolism","Amino acid metabolism"
"K00152","Salicylaldehyde dehydrogenase","Naphthalene degradation","Xenobiotics biodegradation and metabolism"
"K00156","Pyruvate dehydrogenase (quinone)","Pyruvate metabolism","Carbohydrate metabolism"
"K00158","Pyruvate oxidase","Pyruvate metabolism","Carbohydrate metabolism"
"K00161","Pyruvate dehydrogenase E1 component alpha subunit","Glycolysis / Gluconeogenesis","Carbohydrate metabolism"
"K00162","Pyruvate dehydrogenase E1 component beta subunit","Glycolysis / Gluconeogenesis","Carbohydrate metabolism"
"K00163","Pyruvate dehydrogenase E1 component","Glycolysis / Gluconeogenesis","Carbohydrate metabolism"
"K00164","2-oxoglutarate dehydrogenase E1 component","Citrate cycle (TCA cycle)","Carbohydrate metabolism"
"K00166","2-oxoisovalerate dehydrogenase E1 component alpha subunit","Propanoate metabolism","Carbohydrate metabolism"
"K00167","2-oxoisovalerate dehydrogenase E1 component beta subunit","Propanoate metabolism","Carbohydrate metabolism"
"K00169","Pyruvate ferredoxin oxidoreductase alpha subunit","Glycolysis / Gluconeogenesis","Carbohydrate metabolism"
"K00170","Pyruvate ferredoxin oxidoreductase beta subunit","Glycolysis / Gluconeogenesis","Carbohydrate metabolism"
"K00171","Pyruvate ferredoxin oxidoreductase delta subunit","Glycolysis / Gluconeogenesis","Carbohydrate metabolism"
"K00172","Pyruvate ferredoxin oxidoreductase gamma subunit","Glycolysis / Gluconeogenesis","Carbohydrate metabolism"
"K00174","2-oxoglutarate/2-oxoacid ferredoxin oxidoreductase subunit alpha","Glycolysis / Gluconeogenesis","Carbohydrate metabolism"
"K00175","2-oxoglutarate/2-oxoacid ferredoxin oxidoreductase subunit beta","Glycolysis / Gluconeogenesis","Carbohydrate metabolism"
"K00176","2-oxoglutarate ferredoxin oxidoreductase subunit delta","Citrate cycle (TCA cycle)","Carbohydrate metabolism"
"K00177","2-oxoglutarate ferredoxin oxidoreductase subunit gamma","Citrate cycle (TCA cycle)","Carbohydrate metabolism"
"K00186","2-oxoisovalerate ferredoxin oxidoreductase alpha subunit","Valine, leucine and isoleucine degradation","Amino acid metabolism"
"K00187","2-oxoisovalerate ferredoxin oxidoreductase beta subunit","Valine, leucine and isoleucine degradation","Amino acid metabolism"
"K00188","2-oxoisovalerate ferredoxin oxidoreductase delta subunit","Valine, leucine and isoleucine degradation","Amino acid metabolism"
"K00189","2-oxoisovalerate/pyruvate ferredoxin oxidoreductase gamma subunit","Glycolysis / Gluconeogenesis","Carbohydrate metabolism"
"K00192","Anaerobic carbon-monoxide dehydrogenase, CODH/ACS complex subunit alpha","Methane metabolism","Energy metabolism"
"K00193","Acetyl-CoA decarbonylase/synthase, CODH/ACS complex subunit beta","Methane metabolism","Energy metabolism"
"K00194","Acetyl-CoA decarbonylase/synthase, CODH/ACS complex subunit delta","Carbon fixation pathways in prokaryotes","Energy metabolism"
"K00195","Anaerobic carbon-monoxide dehydrogenase, CODH/ACS complex subunit epsilon","Methane metabolism","Energy metabolism"
"K00196","Anaerobic carbon-monoxide dehydrogenase iron sulfur subunit","Carbon fixation pathways in prokaryotes","Energy metabolism"
"K00197","Acetyl-CoA decarbonylase/synthase, CODH/ACS complex subunit gamma","Carbon fixation pathways in prokaryotes","Energy metabolism"
"K00198","Anaerobic carbon-monoxide dehydrogenase catalytic subunit","Carbon fixation pathways in prokaryotes","Energy metabolism"
"K00200","Formylmethanofuran dehydrogenase subunit A","Methane metabolism","Energy metabolism"
"K00201","Formylmethanofuran dehydrogenase subunit B","Methane metabolism","Energy metabolism"
"K00202","Formylmethanofuran dehydrogenase subunit C","Methane metabolism","Energy metabolism"
"K00203","Formylmethanofuran dehydrogenase subunit D","Methane metabolism","Energy metabolism"
"K00204","4Fe-4S ferredoxin","Methane metabolism","Energy metabolism"
"K00205","4Fe-4S ferredoxin","Methane metabolism","Energy metabolism"
"K00206","Phosphonoacetaldehyde dehydrogenase","Phosphonate and phosphinate metabolism","Metabolism of other amino acids"
"K00207","Dihydropyrimidine dehydrogenase (NADP+)","Pyrimidine metabolism","Nucleotide metabolism"
"K00208","Enoyl-[acyl-carrier protein] reductase I","Fatty acid biosynthesis","Lipid metabolism"
"K00209","Enoyl-[acyl-carrier protein] reductase / trans-2-enoyl-CoA reductase (NAD+)","Butanoate metabolism","Carbohydrate metabolism"
"K00210","NA","NA","NA"
"K00211","Prephenate dehydrogenase (NADP+)","Phenylalanine, tyrosine and tryptophan biosynthesis","Amino acid metabolism"
"K00213","7-dehydrocholesterol reductase","Steroid biosynthesis","Lipid metabolism"
"K00214","Biliverdin reductase","Porphyrin and chlorophyll metabolism","Metabolism of cofactors and vitamins"
"K00215","4-hydroxy-tetrahydrodipicolinate reductase","Lysine biosynthesis","Amino acid metabolism"
"K00217","Maleylacetate reductase","Benzoate degradation","Xenobiotics biodegradation and metabolism"
"K00218","Protochlorophyllide reductase","Porphyrin and chlorophyll metabolism","Metabolism of cofactors and vitamins"
"K00220","Cyclohexadieny/prephenate dehydrogenase","Phenylalanine, tyrosine and tryptophan biosynthesis","Amino acid metabolism"
"K00222","Delta14-sterol reductase","Steroid biosynthesis","Lipid metabolism"
"K00223","Delta24(24(1))-sterol reductase","Steroid biosynthesis","Lipid metabolism"
"K00226","Dihydroorotate dehydrogenase (fumarate)","Pyrimidine metabolism","Nucleotide metabolism"
"K00227","Delta7-sterol 5-desaturase","Steroid biosynthesis","Lipid metabolism"
"K00228","Coproporphyrinogen III oxidase","Porphyrin and chlorophyll metabolism","Metabolism of cofactors and vitamins"
"K00230","Menaquinone-dependent protoporphyrinogen oxidase","Porphyrin and chlorophyll metabolism","Metabolism of cofactors and vitamins"
"K00231","Protoporphyrinogen/coproporphyrinogen III oxidase","Porphyrin and chlorophyll metabolism","Metabolism of cofactors and vitamins"
"K00232","Acyl-CoA oxidase","Propanoate metabolism","Carbohydrate metabolism"
"K00239","Succinate dehydrogenase / fumarate reductase, flavoprotein subunit","Citrate cycle (TCA cycle)","Carbohydrate metabolism"
"K00240","Succinate dehydrogenase / fumarate reductase, iron-sulfur subunit","Citrate cycle (TCA cycle)","Carbohydrate metabolism"
"K00241","Succinate dehydrogenase / fumarate reductase, cytochrome b subunit","Citrate cycle (TCA cycle)","Carbohydrate metabolism"
"K00242","Succinate dehydrogenase / fumarate reductase, membrane anchor subunit","Citrate cycle (TCA cycle)","Carbohydrate metabolism"
"K00244","Fumarate reductase flavoprotein subunit","Citrate cycle (TCA cycle)","Carbohydrate metabolism"
"K00245","Fumarate reductase iron-sulfur subunit","Citrate cycle (TCA cycle)","Carbohydrate metabolism"
"K00246","Fumarate reductase subunit C","Citrate cycle (TCA cycle)","Carbohydrate metabolism"
"K00247","Fumarate reductase subunit D","Citrate cycle (TCA cycle)","Carbohydrate metabolism"
"K00248","Butyryl-CoA dehydrogenase","Propanoate metabolism","Carbohydrate metabolism"
"K00249","Acyl-CoA dehydrogenase","Fatty acid degradation","Lipid metabolism"
"K00252","Glutaryl-CoA dehydrogenase","Fatty acid degradation","Lipid metabolism"
"K00253","Isovaleryl-CoA dehydrogenase","Valine, leucine and isoleucine degradation","Amino acid metabolism"
"K00254","Dihydroorotate dehydrogenase","Pyrimidine metabolism","Nucleotide metabolism"
"K00255","Long-chain-acyl-CoA dehydrogenase","Fatty acid degradation","Lipid metabolism"
"K00259","Alanine dehydrogenase","Alanine, aspartate and glutamate metabolism","Amino acid metabolism"
"K00260","Glutamate dehydrogenase","Nitrogen metabolism","Energy metabolism"
"K00261","Glutamate dehydrogenase (NAD(P)+)","Nitrogen metabolism","Energy metabolism"
"K00262","Glutamate dehydrogenase (NADP+)","Nitrogen metabolism","Energy metabolism"
"K00263","Leucine dehydrogenase","Valine, leucine and isoleucine degradation","Amino acid metabolism"
"K00265","Glutamate synthase (NADPH) large chain","Nitrogen metabolism","Energy metabolism"
"K00266","Glutamate synthase (NADPH) small chain","Nitrogen metabolism","Energy metabolism"
"K00270","Phenylalanine dehydrogenase","Tyrosine metabolism","Amino acid metabolism"
"K00271","Valine dehydrogenase (NAD+)","Valine, leucine and isoleucine degradation","Amino acid metabolism"
"K00273","D-amino-acid oxidase","Glycine, serine and threonine metabolism","Amino acid metabolism"
"K00274","Monoamine oxidase","Glycine, serine and threonine metabolism","Amino acid metabolism"
"K00275","Pyridoxamine 5'-phosphate oxidase","Vitamin B6 metabolism","Metabolism of cofactors and vitamins"
"K00276","Primary-amine oxidase","Glycine, serine and threonine metabolism","Amino acid metabolism"
"K00278","L-aspartate oxidase","Alanine, aspartate and glutamate metabolism","Amino acid metabolism"
"K00281","Glycine dehydrogenase","Glyoxylate and dicarboxylate metabolism","Carbohydrate metabolism"
"K00282","Glycine dehydrogenase subunit 1","Glyoxylate and dicarboxylate metabolism","Carbohydrate metabolism"
"K00283","Glycine dehydrogenase subunit 2","Glyoxylate and dicarboxylate metabolism","Carbohydrate metabolism"
"K00285","D-amino-acid dehydrogenase","Phenylalanine metabolism","Amino acid metabolism"
"K00286","Pyrroline-5-carboxylate reductase","Arginine and proline metabolism","Amino acid metabolism"
"K00287","Dihydrofolate reductase","Folate biosynthesis","Metabolism of cofactors and vitamins"
"K00288","Methylenetetrahydrofolate dehydrogenase (NADP+) / methenyltetrahydrofolate cyclohydrolase / formyltetrahydrofolate synthetase","One carbon pool by folate","Metabolism of cofactors and vitamins"
"K00290","Saccharopine dehydrogenase (NAD+, L-lysine forming)","Lysine biosynthesis","Amino acid metabolism"
"K00293","Saccharopine dehydrogenase (NADP+, L-glutamate forming)","Lysine biosynthesis","Amino acid metabolism"
"K00294","1-pyrroline-5-carboxylate dehydrogenase","Alanine, aspartate and glutamate metabolism","Amino acid metabolism"
"K00295","Methylenetetrahydrofolate dehydrogenase (NAD+)","One carbon pool by folate","Metabolism of cofactors and vitamins"
"K00297","Methylenetetrahydrofolate reductase (NADH)","Carbon fixation pathways in prokaryotes","Energy metabolism"
"K00299","FMN reductase","Sulfur metabolism","Energy metabolism"
"K00300","Methylenetetrahydrofolate/methylenetetrahydromethanopterin dehydrogenase (NADP+)","Methane metabolism","Energy metabolism"
"K00301","Sarcosine oxidase","Glycine, serine and threonine metabolism","Amino acid metabolism"
"K00302","Sarcosine oxidase, subunit alpha","Glycine, serine and threonine metabolism","Amino acid metabolism"
"K00303","Sarcosine oxidase, subunit beta","Glycine, serine and threonine metabolism","Amino acid metabolism"
"K00304","Sarcosine oxidase, subunit delta","Glycine, serine and threonine metabolism","Amino acid metabolism"
"K00305","Sarcosine oxidase, subunit gamma","Glycine, serine and threonine metabolism","Amino acid metabolism"
"K00314","Sarcosine dehydrogenase","Glycine, serine and threonine metabolism","Amino acid metabolism"
"K00315","Dimethylglycine dehydrogenase","Glycine, serine and threonine metabolism","Amino acid metabolism"
"K00316","Spermidine dehydrogenase","Arginine and proline metabolism","Amino acid metabolism"
"K00317","Dimethylamine/trimethylamine dehydrogenase","Methane metabolism","Energy metabolism"
"K00318","Proline dehydrogenase","Arginine and proline metabolism","Amino acid metabolism"
"K00319","Methylenetetrahydromethanopterin dehydrogenase","Methane metabolism","Energy metabolism"
"K00320","5,10-methylenetetrahydromethanopterin reductase","Methane metabolism","Energy metabolism"
"K00322","NAD(P) transhydrogenase","Nicotinate and nicotinamide metabolism","Metabolism of cofactors and vitamins"
"K00324","H+-translocating NAD(P) transhydrogenase subunit alpha","Nicotinate and nicotinamide metabolism","Metabolism of cofactors and vitamins"
"K00325","H+-translocating NAD(P) transhydrogenase subunit beta","Nicotinate and nicotinamide metabolism","Metabolism of cofactors and vitamins"
"K00330","NADH-quinone oxidoreductase subunit A","Oxidative phosphorylation","Energy metabolism"
"K00331","NADH-quinone oxidoreductase subunit B","Oxidative phosphorylation","Energy metabolism"
"K00332","NADH-quinone oxidoreductase subunit C","Oxidative phosphorylation","Energy metabolism"
"K00333","NADH-quinone oxidoreductase subunit D","Oxidative phosphorylation","Energy metabolism"
"K00334","NADH-quinone oxidoreductase subunit E","Oxidative phosphorylation","Energy metabolism"
"K00335","NADH-quinone oxidoreductase subunit F","Oxidative phosphorylation","Energy metabolism"
"K00336","NADH-quinone oxidoreductase subunit G","Oxidative phosphorylation","Energy metabolism"
"K00337","NADH-quinone oxidoreductase subunit H","Oxidative phosphorylation","Energy metabolism"
"K00338","NADH-quinone oxidoreductase subunit I","Oxidative phosphorylation","Energy metabolism"
"K00339","NADH-quinone oxidoreductase subunit J","Oxidative phosphorylation","Energy metabolism"
"K00340","NADH-quinone oxidoreductase subunit K","Oxidative phosphorylation","Energy metabolism"
"K00341","NADH-quinone oxidoreductase subunit L","Oxidative phosphorylation","Energy metabolism"
"K00342","NADH-quinone oxidoreductase subunit M","Oxidative phosphorylation","Energy metabolism"
"K00343","NADH-quinone oxidoreductase subunit N","Oxidative phosphorylation","Energy metabolism"
"K00355","NAD(P)H dehydrogenase (quinone)","Ubiquinone and other terpenoid-quinone biosynthesis","Metabolism of cofactors and vitamins"
"K00360","Assimilatory nitrate reductase electron transfer subunit","Nitrogen metabolism","Energy metabolism"
"K00362","Nitrite reductase (NADH) large subunit","Nitrogen metabolism","Energy metabolism"
"K00363","Nitrite reductase (NADH) small subunit","Nitrogen metabolism","Energy metabolism"
"K00365","Urate oxidase","Purine metabolism","Nucleotide metabolism"
"K00366","Ferredoxin-nitrite reductase","Nitrogen metabolism","Energy metabolism"
"K00367","Ferredoxin-nitrate reductase","Nitrogen metabolism","Energy metabolism"
"K00368","Nitrite reductase (NO-forming)","Nitrogen metabolism","Energy metabolism"
"K00370","Nitrate reductase / nitrite oxidoreductase, alpha subunit","Nitrogen metabolism","Energy metabolism"
"K00371","Nitrate reductase / nitrite oxidoreductase, beta subunit","Nitrogen metabolism","Energy metabolism"
"K00372","Assimilatory nitrate reductase catalytic subunit","Nitrogen metabolism","Energy metabolism"
"K00374","Nitrate reductase gamma subunit","Nitrogen metabolism","Energy metabolism"
"K00376","Nitrous-oxide reductase","Nitrogen metabolism","Energy metabolism"
"K00380","Sulfite reductase (NADPH) flavoprotein alpha-component","Sulfur metabolism","Energy metabolism"
"K00381","Sulfite reductase (NADPH) hemoprotein beta-component","Sulfur metabolism","Energy metabolism"
"K00382","Dihydrolipoamide dehydrogenase","Glycolysis / Gluconeogenesis","Carbohydrate metabolism"
"K00383","Glutathione reductase (NADPH)","Glutathione metabolism","Metabolism of other amino acids"
"K00385","Anaerobic sulfite reductase subunit C","Sulfur metabolism","Energy metabolism"
"K00387","Sulfite oxidase","Sulfur metabolism","Energy metabolism"
"K00390","Phosphoadenosine phosphosulfate reductase","Sulfur metabolism","Energy metabolism"
"K00392","Sulfite reductase (ferredoxin)","Sulfur metabolism","Energy metabolism"
"K00394","Adenylylsulfate reductase, subunit A","Sulfur metabolism","Energy metabolism"
"K00395","Adenylylsulfate reductase, subunit B","Sulfur metabolism","Energy metabolism"
"K00399","Methyl-coenzyme M reductase alpha subunit","Methane metabolism","Energy metabolism"
"K00400","Methyl coenzyme M reductase system, component A2","Methane metabolism","Energy metabolism"
"K00401","Methyl-coenzyme M reductase beta subunit","Methane metabolism","Energy metabolism"
"K00402","Methyl-coenzyme M reductase gamma subunit","Methane metabolism","Energy metabolism"
"K00404","Cytochrome c oxidase cbb3-type subunit I","Oxidative phosphorylation","Energy metabolism"
"K00405","Cytochrome c oxidase cbb3-type subunit II","Oxidative phosphorylation","Energy metabolism"
"K00406","Cytochrome c oxidase cbb3-type subunit III","Oxidative phosphorylation","Energy metabolism"
"K00407","Cytochrome c oxidase cbb3-type subunit IV","Oxidative phosphorylation","Energy metabolism"
"K00410","Ubiquinol-cytochrome c reductase cytochrome b/c1 subunit","Oxidative phosphorylation","Energy metabolism"
"K00411","Ubiquinol-cytochrome c reductase iron-sulfur subunit","Oxidative phosphorylation","Energy metabolism"
"K00412","Ubiquinol-cytochrome c reductase cytochrome b subunit","Oxidative phosphorylation","Energy metabolism"
"K00413","Ubiquinol-cytochrome c reductase cytochrome c1 subunit","Oxidative phosphorylation","Energy metabolism"
"K00422","Polyphenol oxidase","Tyrosine metabolism","Amino acid metabolism"
"K00423","L-ascorbate oxidase","Ascorbate and aldarate metabolism","Carbohydrate metabolism"
"K00432","Glutathione peroxidase","Arachidonic acid metabolism","Lipid metabolism"
"K00435","Hydrogen peroxide-dependent heme synthase","Porphyrin and chlorophyll metabolism","Metabolism of cofactors and vitamins"
"K00440","Coenzyme F420 hydrogenase subunit alpha","Methane metabolism","Energy metabolism"
"K00441","Coenzyme F420 hydrogenase subunit beta","Methane metabolism","Energy metabolism"
"K00442","Coenzyme F420 hydrogenase subunit delta","Methane metabolism","Energy metabolism"
"K00443","Coenzyme F420 hydrogenase subunit gamma","Methane metabolism","Energy metabolism"
"K00446","Catechol 2,3-dioxygenase","Benzoate degradation","Xenobiotics biodegradation and metabolism"
"K00448","Protocatechuate 3,4-dioxygenase, alpha subunit","Benzoate degradation","Xenobiotics biodegradation and metabolism"
"K00449","Protocatechuate 3,4-dioxygenase, beta subunit","Benzoate degradation","Xenobiotics biodegradation and metabolism"
"K00450","Gentisate 1,2-dioxygenase","Tyrosine metabolism","Amino acid metabolism"
"K00451","Homogentisate 1,2-dioxygenase","Tyrosine metabolism","Amino acid metabolism"
"K00452","3-hydroxyanthranilate 3,4-dioxygenase","Tryptophan metabolism","Amino acid metabolism"
"K00453","Tryptophan 2,3-dioxygenase","Tryptophan metabolism","Amino acid metabolism"
"K00455","3,4-dihydroxyphenylacetate 2,3-dioxygenase","Tyrosine metabolism","Amino acid metabolism"
"K00456","Cysteine dioxygenase","Cysteine and methionine metabolism","Amino acid metabolism"
"K00457","4-hydroxyphenylpyruvate dioxygenase","Tyrosine metabolism","Amino acid metabolism"
"K00459","Nitronate monooxygenase","Nitrogen metabolism","Energy metabolism"
"K00461","Arachidonate 5-lipoxygenase","Arachidonic acid metabolism","Lipid metabolism"
"K00462","Biphenyl-2,3-diol 1,2-dioxygenase","Chlorocyclohexane and chlorobenzene degradation","Xenobiotics biodegradation and metabolism"
"K00463","Indoleamine 2,3-dioxygenase","Tryptophan metabolism","Amino acid metabolism"
"K00466","Tryptophan 2-monooxygenase","Tryptophan metabolism","Amino acid metabolism"
"K00467","Lactate 2-monooxygenase","Pyruvate metabolism","Carbohydrate metabolism"
"K00468","Lysine 2-monooxygenase","Lysine degradation","Amino acid metabolism"
"K00469","Inositol oxygenase","Ascorbate and aldarate metabolism","Carbohydrate metabolism"
"K00472","Prolyl 4-hydroxylase","Arginine and proline metabolism","Amino acid metabolism"
"K00480","Salicylate hydroxylase","Dioxin degradation","Xenobiotics biodegradation and metabolism"
"K00481","P-hydroxybenzoate 3-monooxygenase","Benzoate degradation","Xenobiotics biodegradation and metabolism"
"K00483","4-hydroxyphenylacetate 3-monooxygenase","Tyrosine metabolism","Amino acid metabolism"
"K00484","Flavin reductase (NADH)","Tyrosine metabolism","Amino acid metabolism"
"K00486","Kynurenine 3-monooxygenase","Tryptophan metabolism","Amino acid metabolism"
"K00491","Nitric-oxide synthase, bacterial","Arginine biosynthesis","Amino acid metabolism"
"K00499","Choline monooxygenase","Glycine, serine and threonine metabolism","Amino acid metabolism"
"K00500","Phenylalanine-4-hydroxylase","Phenylalanine metabolism","Amino acid metabolism"
"K00502","Tryptophan 5-monooxygenase","Tryptophan metabolism","Amino acid metabolism"
"K00505","Tyrosinase","Tyrosine metabolism","Amino acid metabolism"
"K00507","Stearoyl-CoA desaturase (Delta-9 desaturase)","Biosynthesis of unsaturated fatty acids","Lipid metabolism"
"K00508","Linoleoyl-CoA desaturase","Linoleic acid metabolism","Lipid metabolism"
"K00511","Squalene monooxygenase","Steroid biosynthesis","Lipid metabolism"
"K00514","Zeta-carotene desaturase","Carotenoid biosynthesis","Metabolism of terpenoids and polyketides"
"K00515","Beta-carotene 15,15'-dioxygenase","Retinol metabolism","Metabolism of cofactors and vitamins"
"K00523","CDP-4-dehydro-6-deoxyglucose reductase, E3","Amino sugar and nucleotide sugar metabolism","Carbohydrate metabolism"
"K00528","Ferredoxin/flavodoxin---NADP+ reductase","Enzymes with EC numbers","Unclassified: metabolism"
"K00529","3-phenylpropionate/trans-cinnamate dioxygenase ferredoxin reductase component","Fatty acid degradation","Lipid metabolism"
"K00531","Nitrogenase delta subunit","Nitrogen metabolism","Energy metabolism"
"K00542","Guanidinoacetate N-methyltransferase","Glycine, serine and threonine metabolism","Amino acid metabolism"
"K00544","Betaine-homocysteine S-methyltransferase","Glycine, serine and threonine metabolism","Amino acid metabolism"
"K00545","Catechol O-methyltransferase","Steroid hormone biosynthesis","Lipid metabolism"
"K00547","Homocysteine S-methyltransferase","Cysteine and methionine metabolism","Amino acid metabolism"
"K00548","5-methyltetrahydrofolate--homocysteine methyltransferase","Cysteine and methionine metabolism","Amino acid metabolism"
"K00549","5-methyltetrahydropteroyltriglutamate--homocysteine methyltransferase","Cysteine and methionine metabolism","Amino acid metabolism"
"K00553","Phenylethanolamine N-methyltransferase","Tyrosine metabolism","Amino acid metabolism"
"K00558","DNA (cytosine-5)-methyltransferase 1","Cysteine and methionine metabolism","Amino acid metabolism"
"K00559","Sterol 24-C-methyltransferase","Steroid biosynthesis","Lipid metabolism"
"K00562","Methyltransferase","Tryptophan metabolism","Amino acid metabolism"
"K00568","2-polyprenyl-6-hydroxyphenyl methylase / 3-demethylubiquinone-9 3-methyltransferase","Ubiquinone and other terpenoid-quinone biosynthesis","Metabolism of cofactors and vitamins"
"K00570","Phosphatidylethanolamine/phosphatidyl-N-methylethanolamine N-methyltransferase","Glycerophospholipid metabolism","Lipid metabolism"
"K00577","Tetrahydromethanopterin S-methyltransferase subunit A","Methane metabolism","Energy metabolism"
"K00578","Tetrahydromethanopterin S-methyltransferase subunit B","Methane metabolism","Energy metabolism"
"K00579","Tetrahydromethanopterin S-methyltransferase subunit C","Methane metabolism","Energy metabolism"
"K00580","Tetrahydromethanopterin S-methyltransferase subunit D","Methane metabolism","Energy metabolism"
"K00581","Tetrahydromethanopterin S-methyltransferase subunit E","Methane metabolism","Energy metabolism"
"K00582","Tetrahydromethanopterin S-methyltransferase subunit F","Methane metabolism","Energy metabolism"
"K00583","Tetrahydromethanopterin S-methyltransferase subunit G","Methane metabolism","Energy metabolism"
"K00584","Tetrahydromethanopterin S-methyltransferase subunit H","Methane metabolism","Energy metabolism"
"K00588","Caffeoyl-CoA O-methyltransferase","Phenylpropanoid biosynthesis","Biosynthesis of other secondary metabolites"
"K00594","Alditol oxidase","Pentose and glucuronate interconversions","Carbohydrate metabolism"
"K00595","Precorrin-6B C5,15-methyltransferase / cobalt-precorrin-6B C5,C15-methyltransferase","Porphyrin and chlorophyll metabolism","Metabolism of cofactors and vitamins"
"K00600","Glycine hydroxymethyltransferase","Glyoxylate and dicarboxylate metabolism","Carbohydrate metabolism"
"K00601","Phosphoribosylglycinamide formyltransferase","Purine metabolism","Nucleotide metabolism"
"K00602","Phosphoribosylaminoimidazolecarboxamide formyltransferase / IMP cyclohydrolase","Purine metabolism","Nucleotide metabolism"
"K00603","Glutamate formiminotransferase / 5-formyltetrahydrofolate cyclo-ligase","Histidine metabolism","Amino acid metabolism"
"K00605","Aminomethyltransferase","Glyoxylate and dicarboxylate metabolism","Carbohydrate metabolism"
"K00606","3-methyl-2-oxobutanoate hydroxymethyltransferase","Pantothenate and CoA biosynthesis","Metabolism of cofactors and vitamins"
"K00608","Aspartate carbamoyltransferase","Pyrimidine metabolism","Nucleotide metabolism"
"K00609","Aspartate carbamoyltransferase catalytic subunit","Pyrimidine metabolism","Nucleotide metabolism"
"K00610","Aspartate carbamoyltransferase regulatory subunit","Pyrimidine metabolism","Nucleotide metabolism"
"K00611","Ornithine carbamoyltransferase","Arginine biosynthesis","Amino acid metabolism"
"K00613","Glycine amidinotransferase","Glycine, serine and threonine metabolism","Amino acid metabolism"
"K00615","Transketolase","Pentose phosphate pathway","Carbohydrate metabolism"
"K00616","Transaldolase","Pentose phosphate pathway","Carbohydrate metabolism"
"K00619","Amino-acid N-acetyltransferase","Arginine biosynthesis","Amino acid metabolism"
"K00620","Glutamate N-acetyltransferase / amino-acid N-acetyltransferase","Arginine biosynthesis","Amino acid metabolism"
"K00621","Glucosamine-phosphate N-acetyltransferase","Amino sugar and nucleotide sugar metabolism","Carbohydrate metabolism"
"K00622","Arylamine N-acetyltransferase","Caffeine metabolism","Biosynthesis of other secondary metabolites"
"K00625","Phosphate acetyltransferase","Pyruvate metabolism","Carbohydrate metabolism"
"K00626","Acetyl-CoA C-acetyltransferase","Pyruvate metabolism","Carbohydrate metabolism"
"K00627","Pyruvate dehydrogenase E2 component (dihydrolipoamide acetyltransferase)","Glycolysis / Gluconeogenesis","Carbohydrate metabolism"
"K00630","Glycerol-3-phosphate O-acyltransferase","Glycerolipid metabolism","Lipid metabolism"
"K00631","Glycerol-3-phosphate O-acyltransferase","Glycerolipid metabolism","Lipid metabolism"
"K00632","Acetyl-CoA acyltransferase","Fatty acid degradation","Lipid metabolism"
"K00634","Phosphate butyryltransferase","Butanoate metabolism","Carbohydrate metabolism"
"K00635","Diacylglycerol O-acyltransferase / wax synthase","Glycerolipid metabolism","Lipid metabolism"
"K00639","Glycine C-acetyltransferase","Glycine, serine and threonine metabolism","Amino acid metabolism"
"K00640","Serine O-acetyltransferase","Sulfur metabolism","Energy metabolism"
"K00641","Homoserine O-acetyltransferase/O-succinyltransferase","Sulfur metabolism","Energy metabolism"
"K00643","5-aminolevulinate synthase","Glycine, serine and threonine metabolism","Amino acid metabolism"
"K00645","[acyl-carrier-protein] S-malonyltransferase","Fatty acid biosynthesis","Lipid metabolism"
"K00647","3-oxoacyl-[acyl-carrier-protein] synthase I","Fatty acid biosynthesis","Lipid metabolism"
"K00648","3-oxoacyl-[acyl-carrier-protein] synthase III","Fatty acid biosynthesis","Lipid metabolism"
"K00651","Homoserine O-succinyltransferase/O-acetyltransferase","Sulfur metabolism","Energy metabolism"
"K00652","8-amino-7-oxononanoate synthase","Biotin metabolism","Metabolism of cofactors and vitamins"
"K00654","Serine palmitoyltransferase","Sphingolipid metabolism","Lipid metabolism"
"K00655","1-acyl-sn-glycerol-3-phosphate acyltransferase","Glycerolipid metabolism","Lipid metabolism"
"K00656","Formate C-acetyltransferase","Pyruvate metabolism","Carbohydrate metabolism"
"K00657","Diamine N-acetyltransferase","Arginine and proline metabolism","Amino acid metabolism"
"K00658","2-oxoglutarate dehydrogenase E2 component (dihydrolipoamide succinyltransferase)","Citrate cycle (TCA cycle)","Carbohydrate metabolism"
"K00672","Formylmethanofuran--tetrahydromethanopterin N-formyltransferase","Methane metabolism","Energy metabolism"
"K00673","Arginine N-succinyltransferase","Arginine and proline metabolism","Amino acid metabolism"
"K00674","2,3,4,5-tetrahydropyridine-2,6-dicarboxylate N-succinyltransferase","Lysine biosynthesis","Amino acid metabolism"
"K00677","UDP-N-acetylglucosamine acyltransferase","Lipopolysaccharide biosynthesis","Glycan biosynthesis and metabolism"
"K00681","Gamma-glutamyltranspeptidase / glutathione hydrolase","Taurine and hypotaurine metabolism","Metabolism of other amino acids"
"K00687","Penicillin-binding protein 2B","Peptidoglycan biosynthesis","Glycan biosynthesis and metabolism"
"K00688","Glycogen phosphorylase","Starch and sucrose metabolism","Carbohydrate metabolism"
"K00689","Dextransucrase","Starch and sucrose metabolism","Carbohydrate metabolism"
"K00690","Sucrose phosphorylase","Starch and sucrose metabolism","Carbohydrate metabolism"
"K00691","Maltose phosphorylase","Starch and sucrose metabolism","Carbohydrate metabolism"
"K00692","Levansucrase","Starch and sucrose metabolism","Carbohydrate metabolism"
"K00693","Glycogen synthase","Starch and sucrose metabolism","Carbohydrate metabolism"
"K00694","Cellulose synthase (UDP-forming)","Starch and sucrose metabolism","Carbohydrate metabolism"
"K00695","Sucrose synthase","Starch and sucrose metabolism","Carbohydrate metabolism"
"K00696","Sucrose-phosphate synthase","Starch and sucrose metabolism","Carbohydrate metabolism"
"K00697","Trehalose 6-phosphate synthase","Starch and sucrose metabolism","Carbohydrate metabolism"
"K00698","Chitin synthase","Amino sugar and nucleotide sugar metabolism","Carbohydrate metabolism"
"K00700","1,4-alpha-glucan branching enzyme","Starch and sucrose metabolism","Carbohydrate metabolism"
"K00701","Cyclomaltodextrin glucanotransferase","Starch and sucrose metabolism","Carbohydrate metabolism"
"K00702","Cellobiose phosphorylase","Starch and sucrose metabolism","Carbohydrate metabolism"
"K00703","Starch synthase","Starch and sucrose metabolism","Carbohydrate metabolism"
"K00705","4-alpha-glucanotransferase","Starch and sucrose metabolism","Carbohydrate metabolism"
"K00709","Histo-blood group ABO system transferase","Glycosphingolipid biosynthesis - lacto and neolacto series","Glycan biosynthesis and metabolism"
"K00720","Ceramide glucosyltransferase","Sphingolipid metabolism","Lipid metabolism"
"K00721","Dolichol-phosphate mannosyltransferase","N-Glycan biosynthesis","Glycan biosynthesis and metabolism"
"K00728","Dolichyl-phosphate-mannose-protein mannosyltransferase","Mannose type O-glycan biosynthesis","Glycan biosynthesis and metabolism"
"K00737","Beta-1,4-mannosyl-glycoprotein beta-1,4-N-acetylglucosaminyltransferase","N-Glycan biosynthesis","Glycan biosynthesis and metabolism"
"K00748","Lipid-A-disaccharide synthase","Lipopolysaccharide biosynthesis","Glycan biosynthesis and metabolism"
"K00750","Glycogenin","Starch and sucrose metabolism","Carbohydrate metabolism"
"K00763","Nicotinate phosphoribosyltransferase","Nicotinate and nicotinamide metabolism","Metabolism of cofactors and vitamins"
"K00764","Amidophosphoribosyltransferase","Purine metabolism","Nucleotide metabolism"
"K00765","ATP phosphoribosyltransferase","Histidine metabolism","Amino acid metabolism"
"K00766","Anthranilate phosphoribosyltransferase","Phenylalanine, tyrosine and tryptophan biosynthesis","Amino acid metabolism"
"K00767","Nicotinate-nucleotide pyrophosphorylase (carboxylating)","Nicotinate and nicotinamide metabolism","Metabolism of cofactors and vitamins"
"K00768","Nicotinate-nucleotide--dimethylbenzimidazole phosphoribosyltransferase","Porphyrin and chlorophyll metabolism","Metabolism of cofactors and vitamins"
"K00771","Protein xylosyltransferase","Glycosaminoglycan biosynthesis - chondroitin sulfate / dermatan sulfate","Glycan biosynthesis and metabolism"
"K00772","5'-methylthioadenosine phosphorylase","Cysteine and methionine metabolism","Amino acid metabolism"
"K00788","Thiamine-phosphate pyrophosphorylase","Thiamine metabolism","Metabolism of cofactors and vitamins"
"K00789","S-adenosylmethionine synthetase","Cysteine and methionine metabolism","Amino acid metabolism"
"K00790","UDP-N-acetylglucosamine 1-carboxyvinyltransferase","Amino sugar and nucleotide sugar metabolism","Carbohydrate metabolism"
"K00791","TRNA dimethylallyltransferase","Zeatin biosynthesis","Metabolism of terpenoids and polyketides"
"K00793","Riboflavin synthase","Riboflavin metabolism","Metabolism of cofactors and vitamins"
"K00794","6,7-dimethyl-8-ribityllumazine synthase","Riboflavin metabolism","Metabolism of cofactors and vitamins"
"K00795","Farnesyl diphosphate synthase","Terpenoid backbone biosynthesis","Metabolism of terpenoids and polyketides"
"K00796","Dihydropteroate synthase","Folate biosynthesis","Metabolism of cofactors and vitamins"
"K00797","Spermidine synthase","Cysteine and methionine metabolism","Amino acid metabolism"
"K00798","Cob(I)alamin adenosyltransferase","Porphyrin and chlorophyll metabolism","Metabolism of cofactors and vitamins"
"K00799","Glutathione S-transferase","Glutathione metabolism","Metabolism of other amino acids"
"K00800","3-phosphoshikimate 1-carboxyvinyltransferase","Phenylalanine, tyrosine and tryptophan biosynthesis","Amino acid metabolism"
"K00801","Farnesyl-diphosphate farnesyltransferase","Steroid biosynthesis","Lipid metabolism"
"K00802","Spermine synthase","Cysteine and methionine metabolism","Amino acid metabolism"
"K00803","Alkyldihydroxyacetonephosphate synthase","Ether lipid metabolism","Lipid metabolism"
"K00812","Aspartate aminotransferase","Alanine, aspartate and glutamate metabolism","Amino acid metabolism"
"K00813","Aspartate aminotransferase","Alanine, aspartate and glutamate metabolism","Amino acid metabolism"
"K00814","Alanine transaminase","Carbon fixation in photosynthetic organisms","Energy metabolism"
"K00817","Histidinol-phosphate aminotransferase","Histidine metabolism","Amino acid metabolism"
"K00819","Ornithine--oxo-acid transaminase","Arginine and proline metabolism","Amino acid metabolism"
"K00820","Glutamine---fructose-6-phosphate transaminase (isomerizing)","Amino sugar and nucleotide sugar metabolism","Carbohydrate metabolism"
"K00821","Acetylornithine/N-succinyldiaminopimelate aminotransferase","Lysine biosynthesis","Amino acid metabolism"
"K00822","Beta-alanine--pyruvate transaminase","Propanoate metabolism","Carbohydrate metabolism"
"K00823","4-aminobutyrate aminotransferase","Propanoate metabolism","Carbohydrate metabolism"
"K00824","D-alanine transaminase","Lysine degradation","Amino acid metabolism"
"K00826","Branched-chain amino acid aminotransferase","Cysteine and methionine metabolism","Amino acid metabolism"
"K00830","Alanine-glyoxylate transaminase / serine-glyoxylate transaminase / serine-pyruvate transaminase","Glyoxylate and dicarboxylate metabolism","Carbohydrate metabolism"
"K00831","Phosphoserine aminotransferase","Methane metabolism","Energy metabolism"
"K00832","Aromatic-amino-acid transaminase","Cysteine and methionine metabolism","Amino acid metabolism"
"K00833","Adenosylmethionine---8-amino-7-oxononanoate aminotransferase","Biotin metabolism","Metabolism of cofactors and vitamins"
"K00835","Valine--pyruvate aminotransferase","Valine, leucine and isoleucine biosynthesis","Amino acid metabolism"
"K00836","Diaminobutyrate-2-oxoglutarate transaminase","Glycine, serine and threonine metabolism","Amino acid metabolism"
"K00839","(S)-ureidoglycine---glyoxylate transaminase","Purine metabolism","Nucleotide metabolism"
"K00840","Succinylornithine aminotransferase","Arginine and proline metabolism","Amino acid metabolism"
"K00841","Aminotransferase","Lysine biosynthesis","Amino acid metabolism"
"K00844","Hexokinase","Glycolysis / Gluconeogenesis","Carbohydrate metabolism"
"K00845","Glucokinase","Glycolysis / Gluconeogenesis","Carbohydrate metabolism"
"K00846","Ketohexokinase","Fructose and mannose metabolism","Carbohydrate metabolism"
"K00847","Fructokinase","Fructose and mannose metabolism","Carbohydrate metabolism"
"K00848","Rhamnulokinase","Pentose and glucuronate interconversions","Carbohydrate metabolism"
"K00849","Galactokinase","Galactose metabolism","Carbohydrate metabolism"
"K00850","6-phosphofructokinase 1","Glycolysis / Gluconeogenesis","Carbohydrate metabolism"
"K00851","Gluconokinase","Pentose phosphate pathway","Carbohydrate metabolism"
"K00852","Ribokinase","Pentose phosphate pathway","Carbohydrate metabolism"
"K00853","L-ribulokinase","Pentose and glucuronate interconversions","Carbohydrate metabolism"
"K00854","Xylulokinase","Pentose and glucuronate interconversions","Carbohydrate metabolism"
"K00855","Phosphoribulokinase","Carbon fixation in photosynthetic organisms","Energy metabolism"
"K00858","NAD+ kinase","Nicotinate and nicotinamide metabolism","Metabolism of cofactors and vitamins"
"K00859","Dephospho-CoA kinase","Pantothenate and CoA biosynthesis","Metabolism of cofactors and vitamins"
"K00860","Adenylylsulfate kinase","Sulfur metabolism","Energy metabolism"
"K00861","Riboflavin kinase","Riboflavin metabolism","Metabolism of cofactors and vitamins"
"K00863","Triose/dihydroxyacetone kinase / FAD-AMP lyase (cyclizing)","Fructose and mannose metabolism","Carbohydrate metabolism"
"K00864","Glycerol kinase","Glycerolipid metabolism","Lipid metabolism"
"K00865","Glycerate 2-kinase","Glyoxylate and dicarboxylate metabolism","Carbohydrate metabolism"
"K00867","Type I pantothenate kinase","Pantothenate and CoA biosynthesis","Metabolism of cofactors and vitamins"
"K00868","Pyridoxine kinase","Vitamin B6 metabolism","Metabolism of cofactors and vitamins"
"K00869","Mevalonate kinase","Terpenoid backbone biosynthesis","Metabolism of terpenoids and polyketides"
"K00872","Homoserine kinase","Glycine, serine and threonine metabolism","Amino acid metabolism"
"K00873","Pyruvate kinase","Glycolysis / Gluconeogenesis","Carbohydrate metabolism"
"K00874","2-dehydro-3-deoxygluconokinase","Pentose phosphate pathway","Carbohydrate metabolism"
"K00875","D-ribulokinase","Pentose and glucuronate interconversions","Carbohydrate metabolism"
"K00878","Hydroxyethylthiazole kinase","Thiamine metabolism","Metabolism of cofactors and vitamins"
"K00879","L-fuculokinase","Pentose and glucuronate interconversions","Carbohydrate metabolism"
"K00880","L-xylulokinase","Pentose and glucuronate interconversions","Carbohydrate metabolism"
"K00881","Allose kinase","Fructose and mannose metabolism","Carbohydrate metabolism"
"K00882","1-phosphofructokinase","Fructose and mannose metabolism","Carbohydrate metabolism"
"K00883","2-dehydro-3-deoxygalactonokinase","Galactose metabolism","Carbohydrate metabolism"
"K00884","N-acetylglucosamine kinase","Amino sugar and nucleotide sugar metabolism","Carbohydrate metabolism"
"K00885","N-acylmannosamine kinase","Amino sugar and nucleotide sugar metabolism","Carbohydrate metabolism"
"K00886","Polyphosphate glucokinase","Glycolysis / Gluconeogenesis","Carbohydrate metabolism"
"K00891","Shikimate kinase","Phenylalanine, tyrosine and tryptophan biosynthesis","Amino acid metabolism"
"K00895","Diphosphate-dependent phosphofructokinase","Glycolysis / Gluconeogenesis","Carbohydrate metabolism"
"K00899","5-methylthioribose kinase","Cysteine and methionine metabolism","Amino acid metabolism"
"K00901","Diacylglycerol kinase (ATP)","Glycerolipid metabolism","Lipid metabolism"
"K00912","Tetraacyldisaccharide 4'-kinase","Lipopolysaccharide biosynthesis","Glycan biosynthesis and metabolism"
"K00917","Tagatose 6-phosphate kinase","Galactose metabolism","Carbohydrate metabolism"
"K00918","ADP-dependent phosphofructokinase/glucokinase","Glycolysis / Gluconeogenesis","Carbohydrate metabolism"
"K00919","4-diphosphocytidyl-2-C-methyl-D-erythritol kinase","Terpenoid backbone biosynthesis","Metabolism of terpenoids and polyketides"
"K00925","Acetate kinase","Pyruvate metabolism","Carbohydrate metabolism"
"K00926","Carbamate kinase","Nitrogen metabolism","Energy metabolism"
"K00927","Phosphoglycerate kinase","Glycolysis / Gluconeogenesis","Carbohydrate metabolism"
"K00928","Aspartate kinase","Glycine, serine and threonine metabolism","Amino acid metabolism"
"K00929","Butyrate kinase","Butanoate metabolism","Carbohydrate metabolism"
"K00930","Acetylglutamate kinase","Arginine biosynthesis","Amino acid metabolism"
"K00931","Glutamate 5-kinase","Arginine and proline metabolism","Amino acid metabolism"
"K00932","Propionate kinase","Propanoate metabolism","Carbohydrate metabolism"
"K00933","Creatine kinase","Arginine and proline metabolism","Amino acid metabolism"
"K00938","Phosphomevalonate kinase","Terpenoid backbone biosynthesis","Metabolism of terpenoids and polyketides"
"K00941","Hydroxymethylpyrimidine/phosphomethylpyrimidine kinase","Thiamine metabolism","Metabolism of cofactors and vitamins"
"K00946","Thiamine-monophosphate kinase","Thiamine metabolism","Metabolism of cofactors and vitamins"
"K00949","Thiamine pyrophosphokinase","Thiamine metabolism","Metabolism of cofactors and vitamins"
"K00950","2-amino-4-hydroxy-6-hydroxymethyldihydropteridine diphosphokinase","Folate biosynthesis","Metabolism of cofactors and vitamins"
"K00952","Nicotinamide-nucleotide adenylyltransferase","Nicotinate and nicotinamide metabolism","Metabolism of cofactors and vitamins"
"K00954","Pantetheine-phosphate adenylyltransferase","Pantothenate and CoA biosynthesis","Metabolism of cofactors and vitamins"
"K00955","Bifunctional enzyme CysN/CysC","Sulfur metabolism","Energy metabolism"
"K00956","Sulfate adenylyltransferase subunit 1","Sulfur metabolism","Energy metabolism"
"K00957","Sulfate adenylyltransferase subunit 2","Sulfur metabolism","Energy metabolism"
"K00958","Sulfate adenylyltransferase","Sulfur metabolism","Energy metabolism"
"K00963","UTP--glucose-1-phosphate uridylyltransferase","Pentose and glucuronate interconversions","Carbohydrate metabolism"
"K00965","UDPglucose--hexose-1-phosphate uridylyltransferase","Galactose metabolism","Carbohydrate metabolism"
"K00966","Mannose-1-phosphate guanylyltransferase","Fructose and mannose metabolism","Carbohydrate metabolism"
"K00968","Choline-phosphate cytidylyltransferase","Glycerophospholipid metabolism","Lipid metabolism"
"K00969","Nicotinate-nucleotide adenylyltransferase","Nicotinate and nicotinamide metabolism","Metabolism of cofactors and vitamins"
"K00971","Mannose-1-phosphate guanylyltransferase","Fructose and mannose metabolism","Carbohydrate metabolism"
"K00972","UDP-N-acetylglucosamine/UDP-N-acetylgalactosamine diphosphorylase","Amino sugar and nucleotide sugar metabolism","Carbohydrate metabolism"
"K00973","Glucose-1-phosphate thymidylyltransferase","O-Antigen nucleotide sugar biosynthesis","Glycan biosynthesis and metabolism"
"K00975","Glucose-1-phosphate adenylyltransferase","Starch and sucrose metabolism","Carbohydrate metabolism"
"K00978","Glucose-1-phosphate cytidylyltransferase","Starch and sucrose metabolism","Carbohydrate metabolism"
"K00979","3-deoxy-manno-octulosonate cytidylyltransferase (CMP-KDO synthetase)","Lipopolysaccharide biosynthesis","Glycan biosynthesis and metabolism"
"K00981","Phosphatidate cytidylyltransferase","Glycerophospholipid metabolism","Lipid metabolism"
"K00983","N-acylneuraminate cytidylyltransferase","Amino sugar and nucleotide sugar metabolism","Carbohydrate metabolism"
"K00988","Sulfate adenylyltransferase (ADP) / ATP adenylyltransferase","Sulfur metabolism","Energy metabolism"
"K00991","2-C-methyl-D-erythritol 4-phosphate cytidylyltransferase","Terpenoid backbone biosynthesis","Metabolism of terpenoids and polyketides"
"K00992","N-acetyl-alpha-D-muramate 1-phosphate uridylyltransferase","Amino sugar and nucleotide sugar metabolism","Carbohydrate metabolism"
"K00993","Ethanolaminephosphotransferase","Glycerophospholipid metabolism","Lipid metabolism"
"K00995","CDP-diacylglycerol---glycerol-3-phosphate 3-phosphatidyltransferase","Glycerophospholipid metabolism","Lipid metabolism"
"K00998","CDP-diacylglycerol---serine O-phosphatidyltransferase","Glycerophospholipid metabolism","Lipid metabolism"
"K00999","CDP-diacylglycerol--inositol 3-phosphatidyltransferase","Inositol phosphate metabolism","Carbohydrate metabolism"
"K01000","Phospho-N-acetylmuramoyl-pentapeptide-transferase","Peptidoglycan biosynthesis","Glycan biosynthesis and metabolism"
"K01001","UDP-N-acetylglucosamine--dolichyl-phosphate N-acetylglucosaminephosphotransferase","N-Glycan biosynthesis","Glycan biosynthesis and metabolism"
"K01003","Oxaloacetate decarboxylase","Pyruvate metabolism","Carbohydrate metabolism"
"K01006","Pyruvate, orthophosphate dikinase","Glycolysis / Gluconeogenesis","Carbohydrate metabolism"
"K01007","Pyruvate, water dikinase","Glycolysis / Gluconeogenesis","Carbohydrate metabolism"
"K01008","Selenide, water dikinase","Selenocompound metabolism","Metabolism of other amino acids"
"K01011","Thiosulfate/3-mercaptopyruvate sulfurtransferase","Sulfur metabolism","Energy metabolism"
"K01012","Biotin synthase","Biotin metabolism","Metabolism of cofactors and vitamins"
"K01026","Propionate CoA-transferase","Pyruvate metabolism","Carbohydrate metabolism"
"K01027","3-oxoacid CoA-transferase","Butanoate metabolism","Carbohydrate metabolism"
"K01028","3-oxoacid CoA-transferase subunit A","Butanoate metabolism","Carbohydrate metabolism"
"K01029","3-oxoacid CoA-transferase subunit B","Butanoate metabolism","Carbohydrate metabolism"
"K01031","3-oxoadipate CoA-transferase, alpha subunit","Benzoate degradation","Xenobiotics biodegradation and metabolism"
"K01032","3-oxoadipate CoA-transferase, beta subunit","Benzoate degradation","Xenobiotics biodegradation and metabolism"
"K01034","Acetate CoA/acetoacetate CoA-transferase alpha subunit","Propanoate metabolism","Carbohydrate metabolism"
"K01035","Acetate CoA/acetoacetate CoA-transferase beta subunit","Propanoate metabolism","Carbohydrate metabolism"
"K01039","Glutaconate CoA-transferase, subunit A","Butanoate metabolism","Carbohydrate metabolism"
"K01040","Glutaconate CoA-transferase, subunit B","Butanoate metabolism","Carbohydrate metabolism"
"K01042","L-seryl-tRNA(Ser) seleniumtransferase","Selenocompound metabolism","Metabolism of other amino acids"
"K01046","Triacylglycerol lipase","Glycerolipid metabolism","Lipid metabolism"
"K01047","Secretory phospholipase A2","Glycerophospholipid metabolism","Lipid metabolism"
"K01051","Pectinesterase","Pentose and glucuronate interconversions","Carbohydrate metabolism"
"K01053","Gluconolactonase","Pentose phosphate pathway","Carbohydrate metabolism"
"K01054","Acylglycerol lipase","Glycerolipid metabolism","Lipid metabolism"
"K01055","3-oxoadipate enol-lactonase","Benzoate degradation","Xenobiotics biodegradation and metabolism"
"K01057","6-phosphogluconolactonase","Pentose phosphate pathway","Carbohydrate metabolism"
"K01058","Phospholipase A1/A2","Glycerophospholipid metabolism","Lipid metabolism"
"K01061","Carboxymethylenebutenolidase","Fluorobenzoate degradation","Xenobiotics biodegradation and metabolism"
"K01067","Acetyl-CoA hydrolase","Pyruvate metabolism","Carbohydrate metabolism"
"K01069","Hydroxyacylglutathione hydrolase","Pyruvate metabolism","Carbohydrate metabolism"
"K01070","S-formylglutathione hydrolase","Methane metabolism","Energy metabolism"
"K01071","Medium-chain acyl-[acyl-carrier-protein] hydrolase","Fatty acid biosynthesis","Lipid metabolism"
"K01075","4-hydroxybenzoyl-CoA thioesterase","Ubiquinone and other terpenoid-quinone biosynthesis","Metabolism of cofactors and vitamins"
"K01077","Alkaline phosphatase","Thiamine metabolism","Metabolism of cofactors and vitamins"
"K01079","Phosphoserine phosphatase","Methane metabolism","Energy metabolism"
"K01080","Phosphatidate phosphatase","Glycerolipid metabolism","Lipid metabolism"
"K01082","3'(2'), 5'-bisphosphate nucleotidase","Sulfur metabolism","Energy metabolism"
"K01083","3-phytase","Inositol phosphate metabolism","Carbohydrate metabolism"
"K01086","Fructose-1,6-bisphosphatase I / sedoheptulose-1,7-bisphosphatase","Glycolysis / Gluconeogenesis","Carbohydrate metabolism"
"K01087","Trehalose 6-phosphate phosphatase","Starch and sucrose metabolism","Carbohydrate metabolism"
"K01089","Imidazoleglycerol-phosphate dehydratase / histidinol-phosphatase","Histidine metabolism","Amino acid metabolism"
"K01091","Phosphoglycolate phosphatase","Glyoxylate and dicarboxylate metabolism","Carbohydrate metabolism"
"K01092","Myo-inositol-1(or 4)-monophosphatase","Inositol phosphate metabolism","Carbohydrate metabolism"
"K01093","4-phytase / acid phosphatase","Inositol phosphate metabolism","Carbohydrate metabolism"
"K01095","Phosphatidylglycerophosphatase A","Glycerophospholipid metabolism","Lipid metabolism"
"K01096","Phosphatidylglycerophosphatase B","Glycerophospholipid metabolism","Lipid metabolism"
"K01097","N-acylneuraminate-9-phosphatase","Amino sugar and nucleotide sugar metabolism","Carbohydrate metabolism"
"K01103","6-phosphofructo-2-kinase / fructose-2,6-biphosphatase 3","Fructose and mannose metabolism","Carbohydrate metabolism"
"K01113","Alkaline phosphatase D","Folate biosynthesis","Metabolism of cofactors and vitamins"
"K01114","Phospholipase C","Inositol phosphate metabolism","Carbohydrate metabolism"
"K01115","Phospholipase D1/2","Glycerophospholipid metabolism","Lipid metabolism"
"K01117","Sphingomyelin phosphodiesterase","Sphingolipid metabolism","Lipid metabolism"
"K01127","Glycosylphosphatidylinositol phospholipase D","Glycosylphosphatidylinositol (GPI)-anchor biosynthesis","Glycan biosynthesis and metabolism"
"K01132","N-acetylgalactosamine-6-sulfatase","Glycosaminoglycan degradation","Glycan biosynthesis and metabolism"
"K01135","Arylsulfatase B","Glycosaminoglycan degradation","Glycan biosynthesis and metabolism"
"K01136","Iduronate 2-sulfatase","Glycosaminoglycan degradation","Glycan biosynthesis and metabolism"
"K01137","N-acetylglucosamine-6-sulfatase","Glycosaminoglycan degradation","Glycan biosynthesis and metabolism"
"K01176","Alpha-amylase","Starch and sucrose metabolism","Carbohydrate metabolism"
"K01178","Glucoamylase","Starch and sucrose metabolism","Carbohydrate metabolism"
"K01179","Endoglucanase","Starch and sucrose metabolism","Carbohydrate metabolism"
"K01182","Oligo-1,6-glucosidase","Galactose metabolism","Carbohydrate metabolism"
"K01183","Chitinase","Amino sugar and nucleotide sugar metabolism","Carbohydrate metabolism"
"K01184","Polygalacturonase","Pentose and glucuronate interconversions","Carbohydrate metabolism"
"K01186","Sialidase-1","Sphingolipid metabolism","Lipid metabolism"
"K01187","Alpha-glucosidase","Galactose metabolism","Carbohydrate metabolism"
"K01188","Beta-glucosidase","Starch and sucrose metabolism","Carbohydrate metabolism"
"K01190","Beta-galactosidase","Galactose metabolism","Carbohydrate metabolism"
"K01193","Beta-fructofuranosidase","Galactose metabolism","Carbohydrate metabolism"
"K01194","Alpha,alpha-trehalase","Starch and sucrose metabolism","Carbohydrate metabolism"
"K01195","Beta-glucuronidase","Pentose and glucuronate interconversions","Carbohydrate metabolism"
"K01197","Hyaluronoglucosaminidase","Glycosaminoglycan degradation","Glycan biosynthesis and metabolism"
"K01198","Xylan 1,4-beta-xylosidase","Amino sugar and nucleotide sugar metabolism","Carbohydrate metabolism"
"K01200","Pullulanase","Starch and sucrose metabolism","Carbohydrate metabolism"
"K01201","Glucosylceramidase","Sphingolipid metabolism","Lipid metabolism"
"K01202","Galactosylceramidase","Sphingolipid metabolism","Lipid metabolism"
"K01205","Alpha-N-acetylglucosaminidase","Glycosaminoglycan degradation","Glycan biosynthesis and metabolism"
"K01207","Beta-N-acetylhexosaminidase","Amino sugar and nucleotide sugar metabolism","Carbohydrate metabolism"
"K01208","Cyclomaltodextrinase / maltogenic alpha-amylase / neopullulanase","Starch and sucrose metabolism","Carbohydrate metabolism"
"K01209","Alpha-L-arabinofuranosidase","Amino sugar and nucleotide sugar metabolism","Carbohydrate metabolism"
"K01210","Glucan 1,3-beta-glucosidase","Starch and sucrose metabolism","Carbohydrate metabolism"
"K01214","Isoamylase","Starch and sucrose metabolism","Carbohydrate metabolism"
"K01217","L-iduronidase","Glycosaminoglycan degradation","Glycan biosynthesis and metabolism"
"K01218","Mannan endo-1,4-beta-mannosidase","Fructose and mannose metabolism","Carbohydrate metabolism"
"K01220","6-phospho-beta-galactosidase","Galactose metabolism","Carbohydrate metabolism"
"K01226","Trehalose-6-phosphate hydrolase","Starch and sucrose metabolism","Carbohydrate metabolism"
"K01230","Mannosyl-oligosaccharide alpha-1,2-mannosidase","N-Glycan biosynthesis","Glycan biosynthesis and metabolism"
"K01232","Maltose-6'-phosphate glucosidase","Starch and sucrose metabolism","Carbohydrate metabolism"
"K01233","Chitosanase","Amino sugar and nucleotide sugar metabolism","Carbohydrate metabolism"
"K01236","Maltooligosyltrehalose trehalohydrolase","Starch and sucrose metabolism","Carbohydrate metabolism"
"K01243","Adenosylhomocysteine nucleosidase","Cysteine and methionine metabolism","Amino acid metabolism"
"K01244","5'-methylthioadenosine nucleosidase","Cysteine and methionine metabolism","Amino acid metabolism"
"K01251","Adenosylhomocysteinase","Cysteine and methionine metabolism","Amino acid metabolism"
"K01255","Leucyl aminopeptidase","Glutathione metabolism","Metabolism of other amino acids"
"K01256","Aminopeptidase N","Glutathione metabolism","Metabolism of other amino acids"
"K01259","Proline iminopeptidase","Arginine and proline metabolism","Amino acid metabolism"
"K01270","Dipeptidase D","Glutathione metabolism","Metabolism of other amino acids"
"K01424","L-asparaginase","Alanine, aspartate and glutamate metabolism","Amino acid metabolism"
"K01425","Glutaminase","Alanine, aspartate and glutamate metabolism","Amino acid metabolism"
"K01426","Amidase","Arginine and proline metabolism","Amino acid metabolism"
"K01427","Urease","Purine metabolism","Nucleotide metabolism"
"K01428","Urease subunit alpha","Purine metabolism","Nucleotide metabolism"
"K01429","Urease subunit beta","Purine metabolism","Nucleotide metabolism"
"K01430","Urease subunit gamma","Purine metabolism","Nucleotide metabolism"
"K01431","Beta-ureidopropionase","Pyrimidine metabolism","Nucleotide metabolism"
"K01432","Arylformamidase","Glyoxylate and dicarboxylate metabolism","Carbohydrate metabolism"
"K01437","Aspartoacylase","Alanine, aspartate and glutamate metabolism","Amino acid metabolism"
"K01438","Acetylornithine deacetylase","Arginine biosynthesis","Amino acid metabolism"
"K01439","Succinyl-diaminopimelate desuccinylase","Lysine biosynthesis","Amino acid metabolism"
"K01442","Choloylglycine hydrolase","Primary bile acid biosynthesis","Lipid metabolism"
"K01443","N-acetylglucosamine-6-phosphate deacetylase","Amino sugar and nucleotide sugar metabolism","Carbohydrate metabolism"
"K01451","Hippurate hydrolase","Phenylalanine metabolism","Amino acid metabolism"
"K01452","Chitin deacetylase","Amino sugar and nucleotide sugar metabolism","Carbohydrate metabolism"
"K01455","Formamidase","Glyoxylate and dicarboxylate metabolism","Carbohydrate metabolism"
"K01457","Allophanate hydrolase","Arginine biosynthesis","Amino acid metabolism"
"K01458","N-formylglutamate deformylase","Glyoxylate and dicarboxylate metabolism","Carbohydrate metabolism"
"K01460","Glutathionylspermidine amidase/synthetase","Glutathione metabolism","Metabolism of other amino acids"
"K01464","Dihydropyrimidinase","Pyrimidine metabolism","Nucleotide metabolism"
"K01465","Dihydroorotase","Pyrimidine metabolism","Nucleotide metabolism"
"K01468","Imidazolonepropionase","Histidine metabolism","Amino acid metabolism"
"K01469","5-oxoprolinase (ATP-hydrolysing)","Glutathione metabolism","Metabolism of other amino acids"
"K01470","Creatinine amidohydrolase","Arginine and proline metabolism","Amino acid metabolism"
"K01473","N-methylhydantoinase A","Arginine and proline metabolism","Amino acid metabolism"
"K01474","N-methylhydantoinase B","Arginine and proline metabolism","Amino acid metabolism"
"K01476","Arginase","Arginine biosynthesis","Amino acid metabolism"
"K01478","Arginine deiminase","Arginine biosynthesis","Amino acid metabolism"
"K01479","Formiminoglutamase","Histidine metabolism","Amino acid metabolism"
"K01480","Agmatinase","Arginine and proline metabolism","Amino acid metabolism"
"K01484","Succinylarginine dihydrolase","Arginine and proline metabolism","Amino acid metabolism"
"K01491","Methylenetetrahydrofolate dehydrogenase (NADP+) / methenyltetrahydrofolate cyclohydrolase","Carbon fixation pathways in prokaryotes","Energy metabolism"
"K01492","Phosphoribosylglycinamide/phosphoribosylaminoimidazolecarboxamide formyltransferase","Purine metabolism","Nucleotide metabolism"
"K01495","GTP cyclohydrolase IA","Folate biosynthesis","Metabolism of cofactors and vitamins"
"K01496","Phosphoribosyl-AMP cyclohydrolase","Histidine metabolism","Amino acid metabolism"
"K01497","GTP cyclohydrolase II","Riboflavin metabolism","Metabolism of cofactors and vitamins"
"K01498","Diaminohydroxyphosphoribosylaminopyrimidine deaminase","Riboflavin metabolism","Metabolism of cofactors and vitamins"
"K01499","Methenyltetrahydromethanopterin cyclohydrolase","Methane metabolism","Energy metabolism"
"K01500","Methenyltetrahydrofolate cyclohydrolase","Carbon fixation pathways in prokaryotes","Energy metabolism"
"K01501","Nitrilase","Nitrogen metabolism","Energy metabolism"
"K01505","1-aminocyclopropane-1-carboxylate deaminase","Cysteine and methionine metabolism","Amino acid metabolism"
"K01506","5-aminopentanamidase","Lysine degradation","Amino acid metabolism"
"K01512","Acylphosphatase","Pyruvate metabolism","Carbohydrate metabolism"
"K01523","Phosphoribosyl-ATP pyrophosphohydrolase","Histidine metabolism","Amino acid metabolism"
"K01535","H+-transporting ATPase","Oxidative phosphorylation","Energy metabolism"
"K01555","Fumarylacetoacetase","Tyrosine metabolism","Amino acid metabolism"
"K01556","Kynureninase","Tryptophan metabolism","Amino acid metabolism"
"K01560","2-haloacid dehalogenase","Chloroalkane and chloroalkene degradation","Xenobiotics biodegradation and metabolism"
"K01561","Haloacetate dehalogenase","Chloroalkane and chloroalkene degradation","Xenobiotics biodegradation and metabolism"
"K01563","Haloalkane dehalogenase","Chloroalkane and chloroalkene degradation","Xenobiotics biodegradation and metabolism"
"K01565","N-sulfoglucosamine sulfohydrolase","Glycosaminoglycan degradation","Glycan biosynthesis and metabolism"
"K01568","Pyruvate decarboxylase","Glycolysis / Gluconeogenesis","Carbohydrate metabolism"
"K01569","Oxalate decarboxylase","Glyoxylate and dicarboxylate metabolism","Carbohydrate metabolism"
"K01571","Oxaloacetate decarboxylase (Na+ extruding) subunit alpha","Pyruvate metabolism","Carbohydrate metabolism"
"K01573","Oxaloacetate decarboxylase (Na+ extruding) subunit gamma","Pyruvate metabolism","Carbohydrate metabolism"
"K01574","Acetoacetate decarboxylase","Propanoate metabolism","Carbohydrate metabolism"
"K01577","Oxalyl-CoA decarboxylase","Glyoxylate and dicarboxylate metabolism","Carbohydrate metabolism"
"K01578","Malonyl-CoA decarboxylase","Propanoate metabolism","Carbohydrate metabolism"
"K01579","Aspartate 1-decarboxylase","beta-Alanine metabolism","Metabolism of other amino acids"
"K01580","Glutamate decarboxylase","Butanoate metabolism","Carbohydrate metabolism"
"K01581","Ornithine decarboxylase","Arginine and proline metabolism","Amino acid metabolism"
"K01582","Lysine decarboxylase","Lysine degradation","Amino acid metabolism"
"K01583","Arginine decarboxylase","Arginine and proline metabolism","Amino acid metabolism"
"K01584","Arginine decarboxylase","Arginine and proline metabolism","Amino acid metabolism"
"K01585","Arginine decarboxylase","Arginine and proline metabolism","Amino acid metabolism"
"K01586","Diaminopimelate decarboxylase","Lysine biosynthesis","Amino acid metabolism"
"K01588","5-(carboxyamino)imidazole ribonucleotide mutase","Purine metabolism","Nucleotide metabolism"
"K01589","5-(carboxyamino)imidazole ribonucleotide synthase","Purine metabolism","Nucleotide metabolism"
"K01590","Histidine decarboxylase","Histidine metabolism","Amino acid metabolism"
"K01591","Orotidine-5'-phosphate decarboxylase","Pyrimidine metabolism","Nucleotide metabolism"
"K01593","Aromatic-L-amino-acid/L-tryptophan decarboxylase","Tyrosine metabolism","Amino acid metabolism"
"K01594","NA","NA","NA"
"K01595","Phosphoenolpyruvate carboxylase","Pyruvate metabolism","Carbohydrate metabolism"
"K01596","Phosphoenolpyruvate carboxykinase (GTP)","Glycolysis / Gluconeogenesis","Carbohydrate metabolism"
"K01597","Diphosphomevalonate decarboxylase","Terpenoid backbone biosynthesis","Metabolism of terpenoids and polyketides"
"K01598","Phosphopantothenoylcysteine decarboxylase","Pantothenate and CoA biosynthesis","Metabolism of cofactors and vitamins"
"K01599","Uroporphyrinogen decarboxylase","Porphyrin and chlorophyll metabolism","Metabolism of cofactors and vitamins"
"K01601","Ribulose-bisphosphate carboxylase large chain","Glyoxylate and dicarboxylate metabolism","Carbohydrate metabolism"
"K01602","Ribulose-bisphosphate carboxylase small chain","Glyoxylate and dicarboxylate metabolism","Carbohydrate metabolism"
"K01607","4-carboxymuconolactone decarboxylase","Benzoate degradation","Xenobiotics biodegradation and metabolism"
"K01608","Tartronate-semialdehyde synthase","Glyoxylate and dicarboxylate metabolism","Carbohydrate metabolism"
"K01609","Indole-3-glycerol phosphate synthase","Phenylalanine, tyrosine and tryptophan biosynthesis","Amino acid metabolism"
"K01610","Phosphoenolpyruvate carboxykinase (ATP)","Glycolysis / Gluconeogenesis","Carbohydrate metabolism"
"K01611","S-adenosylmethionine decarboxylase","Cysteine and methionine metabolism","Amino acid metabolism"
"K01613","Phosphatidylserine decarboxylase","Glycerophospholipid metabolism","Lipid metabolism"
"K01615","Glutaconyl-CoA decarboxylase subunit alpha","Butanoate metabolism","Carbohydrate metabolism"
"K01617","2-oxo-3-hexenedioate decarboxylase","Benzoate degradation","Xenobiotics biodegradation and metabolism"
"K01619","Deoxyribose-phosphate aldolase","Pentose phosphate pathway","Carbohydrate metabolism"
"K01620","Threonine aldolase","Glycine, serine and threonine metabolism","Amino acid metabolism"
"K01621","Xylulose-5-phosphate/fructose-6-phosphate phosphoketolase","Pentose phosphate pathway","Carbohydrate metabolism"
"K01622","Fructose 1,6-bisphosphate aldolase/phosphatase","Glycolysis / Gluconeogenesis","Carbohydrate metabolism"
"K01623","Fructose-bisphosphate aldolase, class I","Glycolysis / Gluconeogenesis","Carbohydrate metabolism"
"K01624","Fructose-bisphosphate aldolase, class II","Glycolysis / Gluconeogenesis","Carbohydrate metabolism"
"K01625","2-dehydro-3-deoxyphosphogluconate aldolase / (4S)-4-hydroxy-2-oxoglutarate aldolase","Pentose phosphate pathway","Carbohydrate metabolism"
"K01626","3-deoxy-7-phosphoheptulonate synthase","Phenylalanine, tyrosine and tryptophan biosynthesis","Amino acid metabolism"
"K01627","2-dehydro-3-deoxyphosphooctonate aldolase (KDO 8-P synthase)","Lipopolysaccharide biosynthesis","Glycan biosynthesis and metabolism"
"K01628","L-fuculose-phosphate aldolase","Pentose and glucuronate interconversions","Carbohydrate metabolism"
"K01629","Rhamnulose-1-phosphate aldolase","Pentose and glucuronate interconversions","Carbohydrate metabolism"
"K01630","2-dehydro-3-deoxyglucarate aldolase","Ascorbate and aldarate metabolism","Carbohydrate metabolism"
"K01631","2-dehydro-3-deoxyphosphogalactonate aldolase","Galactose metabolism","Carbohydrate metabolism"
"K01633","7,8-dihydroneopterin aldolase/epimerase/oxygenase","Folate biosynthesis","Metabolism of cofactors and vitamins"
"K01634","Sphinganine-1-phosphate aldolase","Sphingolipid metabolism","Lipid metabolism"
"K01635","Tagatose 1,6-diphosphate aldolase","Galactose metabolism","Carbohydrate metabolism"
"K01637","Isocitrate lyase","Glyoxylate and dicarboxylate metabolism","Carbohydrate metabolism"
"K01638","Malate synthase","Pyruvate metabolism","Carbohydrate metabolism"
"K01639","N-acetylneuraminate lyase","Amino sugar and nucleotide sugar metabolism","Carbohydrate metabolism"
"K01640","Hydroxymethylglutaryl-CoA lyase","Butanoate metabolism","Carbohydrate metabolism"
"K01641","Hydroxymethylglutaryl-CoA synthase","Butanoate metabolism","Carbohydrate metabolism"
"K01647","Citrate synthase","Citrate cycle (TCA cycle)","Carbohydrate metabolism"
"K01649","2-isopropylmalate synthase","Pyruvate metabolism","Carbohydrate metabolism"
"K01652","Acetolactate synthase I/II/III large subunit","Butanoate metabolism","Carbohydrate metabolism"
"K01653","Acetolactate synthase I/III small subunit","Butanoate metabolism","Carbohydrate metabolism"
"K01654","N-acetylneuraminate synthase","Amino sugar and nucleotide sugar metabolism","Carbohydrate metabolism"
"K01655","Homocitrate synthase","Pyruvate metabolism","Carbohydrate metabolism"
"K01657","Anthranilate synthase component I","Phenylalanine, tyrosine and tryptophan biosynthesis","Amino acid metabolism"
"K01658","Anthranilate synthase component II","Phenylalanine, tyrosine and tryptophan biosynthesis","Amino acid metabolism"
"K01659","2-methylcitrate synthase","Propanoate metabolism","Carbohydrate metabolism"
"K01661","Naphthoate synthase","Ubiquinone and other terpenoid-quinone biosynthesis","Metabolism of cofactors and vitamins"
"K01662","1-deoxy-D-xylulose-5-phosphate synthase","Thiamine metabolism","Metabolism of cofactors and vitamins"
"K01663","Imidazole glycerol-phosphate synthase","Histidine metabolism","Amino acid metabolism"
"K01666","4-hydroxy 2-oxovalerate aldolase","Phenylalanine metabolism","Amino acid metabolism"
"K01667","Tryptophanase","Tryptophan metabolism","Amino acid metabolism"
"K01673","Carbonic anhydrase","Nitrogen metabolism","Energy metabolism"
"K01674","Carbonic anhydrase","Nitrogen metabolism","Energy metabolism"
"K01676","Fumarate hydratase, class I","Citrate cycle (TCA cycle)","Carbohydrate metabolism"
"K01677","Fumarate hydratase subunit alpha","Citrate cycle (TCA cycle)","Carbohydrate metabolism"
"K01678","Fumarate hydratase subunit beta","Citrate cycle (TCA cycle)","Carbohydrate metabolism"
"K01679","Fumarate hydratase, class II","Citrate cycle (TCA cycle)","Carbohydrate metabolism"
"K01681","Aconitate hydratase","Citrate cycle (TCA cycle)","Carbohydrate metabolism"
"K01682","Aconitate hydratase 2 / 2-methylisocitrate dehydratase","Citrate cycle (TCA cycle)","Carbohydrate metabolism"
"K01684","Galactonate dehydratase","Galactose metabolism","Carbohydrate metabolism"
"K01685","Altronate hydrolase","Pentose and glucuronate interconversions","Carbohydrate metabolism"
"K01686","Mannonate dehydratase","Pentose and glucuronate interconversions","Carbohydrate metabolism"
"K01687","Dihydroxy-acid dehydratase","Valine, leucine and isoleucine biosynthesis","Amino acid metabolism"
"K01689","Enolase","Glycolysis / Gluconeogenesis","Carbohydrate metabolism"
"K01690","Phosphogluconate dehydratase","Pentose phosphate pathway","Carbohydrate metabolism"
"K01692","Enoyl-CoA hydratase","Propanoate metabolism","Carbohydrate metabolism"
"K01693","Imidazoleglycerol-phosphate dehydratase","Histidine metabolism","Amino acid metabolism"
"K01695","Tryptophan synthase alpha chain","Glycine, serine and threonine metabolism","Amino acid metabolism"
"K01696","Tryptophan synthase beta chain","Glycine, serine and threonine metabolism","Amino acid metabolism"
"K01697","Cystathionine beta-synthase","Glycine, serine and threonine metabolism","Amino acid metabolism"
"K01698","Porphobilinogen synthase","Porphyrin and chlorophyll metabolism","Metabolism of cofactors and vitamins"
"K01699","Propanediol dehydratase large subunit","Propanoate metabolism","Carbohydrate metabolism"
"K01703","3-isopropylmalate/(R)-2-methylmalate dehydratase large subunit","C5-Branched dibasic acid metabolism","Carbohydrate metabolism"
"K01704","3-isopropylmalate/(R)-2-methylmalate dehydratase small subunit","C5-Branched dibasic acid metabolism","Carbohydrate metabolism"
"K01705","Homoaconitate hydratase","Lysine biosynthesis","Amino acid metabolism"
"K01706","Glucarate dehydratase","Ascorbate and aldarate metabolism","Carbohydrate metabolism"
"K01707","5-dehydro-4-deoxyglucarate dehydratase","Ascorbate and aldarate metabolism","Carbohydrate metabolism"
"K01708","Galactarate dehydratase","Ascorbate and aldarate metabolism","Carbohydrate metabolism"
"K01709","CDP-glucose 4,6-dehydratase","Amino sugar and nucleotide sugar metabolism","Carbohydrate metabolism"
"K01710","DTDP-glucose 4,6-dehydratase","O-Antigen nucleotide sugar biosynthesis","Glycan biosynthesis and metabolism"
"K01711","GDPmannose 4,6-dehydratase","Fructose and mannose metabolism","Carbohydrate metabolism"
"K01712","Urocanate hydratase","Histidine metabolism","Amino acid metabolism"
"K01713","Cyclohexadienyl dehydratase","Phenylalanine, tyrosine and tryptophan biosynthesis","Amino acid metabolism"
"K01714","4-hydroxy-tetrahydrodipicolinate synthase","Lysine biosynthesis","Amino acid metabolism"
"K01716","3-hydroxyacyl-[acyl-carrier protein] dehydratase / trans-2-decenoyl-[acyl-carrier protein] isomerase","Fatty acid biosynthesis","Lipid metabolism"
"K01719","Uroporphyrinogen-III synthase","Porphyrin and chlorophyll metabolism","Metabolism of cofactors and vitamins"
"K01720","2-methylcitrate dehydratase","Propanoate metabolism","Carbohydrate metabolism"
"K01721","Nitrile hydratase subunit alpha","Tryptophan metabolism","Amino acid metabolism"
"K01724","4a-hydroxytetrahydrobiopterin dehydratase","Folate biosynthesis","Metabolism of cofactors and vitamins"
"K01725","Cyanate lyase","Nitrogen metabolism","Energy metabolism"
"K01728","Pectate lyase","Pentose and glucuronate interconversions","Carbohydrate metabolism"
"K01729","Poly(beta-D-mannuronate) lyase","Fructose and mannose metabolism","Carbohydrate metabolism"
"K01730","Oligogalacturonide lyase","Pentose and glucuronate interconversions","Carbohydrate metabolism"
"K01731","Pectate disaccharide-lyase","Pentose and glucuronate interconversions","Carbohydrate metabolism"
"K01733","Threonine synthase","Glycine, serine and threonine metabolism","Amino acid metabolism"
"K01734","Methylglyoxal synthase","Propanoate metabolism","Carbohydrate metabolism"
"K01735","3-dehydroquinate synthase","Phenylalanine, tyrosine and tryptophan biosynthesis","Amino acid metabolism"
"K01736","Chorismate synthase","Phenylalanine, tyrosine and tryptophan biosynthesis","Amino acid metabolism"
"K01737","6-pyruvoyltetrahydropterin/6-carboxytetrahydropterin synthase","Folate biosynthesis","Metabolism of cofactors and vitamins"
"K01738","Cysteine synthase","Sulfur metabolism","Energy metabolism"
"K01739","Cystathionine gamma-synthase","Sulfur metabolism","Energy metabolism"
"K01740","O-acetylhomoserine (thiol)-lyase","Cysteine and methionine metabolism","Amino acid metabolism"
"K01743","Carbonic anhydrase","Nitrogen metabolism","Energy metabolism"
"K01744","Aspartate ammonia-lyase","Alanine, aspartate and glutamate metabolism","Amino acid metabolism"
"K01745","Histidine ammonia-lyase","Histidine metabolism","Amino acid metabolism"
"K01746","Formiminotetrahydrofolate cyclodeaminase","One carbon pool by folate","Metabolism of cofactors and vitamins"
"K01749","Hydroxymethylbilane synthase","Porphyrin and chlorophyll metabolism","Metabolism of cofactors and vitamins"
"K01750","Ornithine cyclodeaminase","Arginine and proline metabolism","Amino acid metabolism"
"K01752","L-serine dehydratase","Glycine, serine and threonine metabolism","Amino acid metabolism"
"K01753","D-serine dehydratase","Glycine, serine and threonine metabolism","Amino acid metabolism"
"K01754","Threonine dehydratase","Glycine, serine and threonine metabolism","Amino acid metabolism"
"K01755","Argininosuccinate lyase","Alanine, aspartate and glutamate metabolism","Amino acid metabolism"
"K01756","Adenylosuccinate lyase","Purine metabolism","Nucleotide metabolism"
"K01757","Strictosidine synthase","Indole alkaloid biosynthesis","Biosynthesis of other secondary metabolites"
"K01758","Cystathionine gamma-lyase","Glycine, serine and threonine metabolism","Amino acid metabolism"
"K01759","Lactoylglutathione lyase","Pyruvate metabolism","Carbohydrate metabolism"
"K01760","Cysteine-S-conjugate beta-lyase","Cysteine and methionine metabolism","Amino acid metabolism"
"K01761","Methionine-gamma-lyase","Cysteine and methionine metabolism","Amino acid metabolism"
"K01762","1-aminocyclopropane-1-carboxylate synthase","Cysteine and methionine metabolism","Amino acid metabolism"
"K01770","2-C-methyl-D-erythritol 2,4-cyclodiphosphate synthase","Terpenoid backbone biosynthesis","Metabolism of terpenoids and polyketides"
"K01771","1-phosphatidylinositol phosphodiesterase","Inositol phosphate metabolism","Carbohydrate metabolism"
"K01772","Protoporphyrin/coproporphyrin ferrochelatase","Porphyrin and chlorophyll metabolism","Metabolism of cofactors and vitamins"
"K01775","Alanine racemase","D-Alanine metabolism","Metabolism of other amino acids"
"K01776","Glutamate racemase","D-Glutamine and D-glutamate metabolism","Metabolism of other amino acids"
"K01777","Proline racemase","Arginine and proline metabolism","Amino acid metabolism"
"K01778","Diaminopimelate epimerase","Lysine biosynthesis","Amino acid metabolism"
"K01779","Aspartate racemase","Alanine, aspartate and glutamate metabolism","Amino acid metabolism"
"K01782","3-hydroxyacyl-CoA dehydrogenase / enoyl-CoA hydratase / 3-hydroxybutyryl-CoA epimerase","Propanoate metabolism","Carbohydrate metabolism"
"K01783","Ribulose-phosphate 3-epimerase","Pentose phosphate pathway","Carbohydrate metabolism"
"K01784","UDP-glucose 4-epimerase","Galactose metabolism","Carbohydrate metabolism"
"K01785","Aldose 1-epimerase","Glycolysis / Gluconeogenesis","Carbohydrate metabolism"
"K01787","N-acylglucosamine 2-epimerase","Amino sugar and nucleotide sugar metabolism","Carbohydrate metabolism"
"K01788","N-acylglucosamine-6-phosphate 2-epimerase","Amino sugar and nucleotide sugar metabolism","Carbohydrate metabolism"
"K01790","DTDP-4-dehydrorhamnose 3,5-epimerase","O-Antigen nucleotide sugar biosynthesis","Glycan biosynthesis and metabolism"
"K01791","UDP-N-acetylglucosamine 2-epimerase (non-hydrolysing)","Amino sugar and nucleotide sugar metabolism","Carbohydrate metabolism"
"K01792","Glucose-6-phosphate 1-epimerase","Glycolysis / Gluconeogenesis","Carbohydrate metabolism"
"K01793","Heparosan-N-sulfate-glucuronate 5-epimerase","Glycosaminoglycan biosynthesis - heparan sulfate / heparin","Glycan biosynthesis and metabolism"
"K01795","Mannuronan 5-epimerase","Fructose and mannose metabolism","Carbohydrate metabolism"
"K01796","Alpha-methylacyl-CoA racemase","Primary bile acid biosynthesis","Lipid metabolism"
"K01799","Maleate isomerase","Butanoate metabolism","Carbohydrate metabolism"
"K01800","Maleylacetoacetate isomerase","Tyrosine metabolism","Amino acid metabolism"
"K01801","Maleylpyruvate isomerase","Tyrosine metabolism","Amino acid metabolism"
"K01803","Triosephosphate isomerase (TIM)","Glycolysis / Gluconeogenesis","Carbohydrate metabolism"
"K01804","L-arabinose isomerase","Pentose and glucuronate interconversions","Carbohydrate metabolism"
"K01805","Xylose isomerase","Pentose and glucuronate interconversions","Carbohydrate metabolism"
"K01807","Ribose 5-phosphate isomerase A","Pentose phosphate pathway","Carbohydrate metabolism"
"K01808","Ribose 5-phosphate isomerase B","Pentose phosphate pathway","Carbohydrate metabolism"
"K01809","Mannose-6-phosphate isomerase","Fructose and mannose metabolism","Carbohydrate metabolism"
"K01810","Glucose-6-phosphate isomerase","Glycolysis / Gluconeogenesis","Carbohydrate metabolism"
"K01812","Glucuronate isomerase","Pentose and glucuronate interconversions","Carbohydrate metabolism"
"K01813","L-rhamnose isomerase","Fructose and mannose metabolism","Carbohydrate metabolism"
"K01814","Phosphoribosylformimino-5-aminoimidazole carboxamide ribotide isomerase","Histidine metabolism","Amino acid metabolism"
"K01815","4-deoxy-L-threo-5-hexosulose-uronate ketol-isomerase","Pentose and glucuronate interconversions","Carbohydrate metabolism"
"K01816","Hydroxypyruvate isomerase","Glyoxylate and dicarboxylate metabolism","Carbohydrate metabolism"
"K01817","Phosphoribosylanthranilate isomerase","Phenylalanine, tyrosine and tryptophan biosynthesis","Amino acid metabolism"
"K01818","L-fucose/D-arabinose isomerase","Pentose and glucuronate interconversions","Carbohydrate metabolism"
"K01819","Galactose-6-phosphate isomerase","Galactose metabolism","Carbohydrate metabolism"
"K01820","L-rhamnose isomerase / sugar isomerase","Pentose and glucuronate interconversions","Carbohydrate metabolism"
"K01821","4-oxalocrotonate tautomerase","Benzoate degradation","Xenobiotics biodegradation and metabolism"
"K01822","Steroid Delta-isomerase","Steroid degradation","Xenobiotics biodegradation and metabolism"
"K01823","Isopentenyl-diphosphate Delta-isomerase","Terpenoid backbone biosynthesis","Metabolism of terpenoids and polyketides"
"K01825","3-hydroxyacyl-CoA dehydrogenase / enoyl-CoA hydratase / 3-hydroxybutyryl-CoA epimerase / enoyl-CoA isomerase","Propanoate metabolism","Carbohydrate metabolism"
"K01826","5-carboxymethyl-2-hydroxymuconate isomerase","Tyrosine metabolism","Amino acid metabolism"
"K01834","2,3-bisphosphoglycerate-dependent phosphoglycerate mutase","Glycolysis / Gluconeogenesis","Carbohydrate metabolism"
"K01835","Phosphoglucomutase","Glycolysis / Gluconeogenesis","Carbohydrate metabolism"
"K01840","Phosphomannomutase","Fructose and mannose metabolism","Carbohydrate metabolism"
"K01841","Phosphoenolpyruvate phosphomutase","Phosphonate and phosphinate metabolism","Metabolism of other amino acids"
"K01843","Lysine 2,3-aminomutase","Lysine degradation","Amino acid metabolism"
"K01844","Beta-lysine 5,6-aminomutase alpha subunit","Lysine degradation","Amino acid metabolism"
"K01845","Glutamate-1-semialdehyde 2,1-aminomutase","Porphyrin and chlorophyll metabolism","Metabolism of cofactors and vitamins"
"K01846","Methylaspartate mutase sigma subunit","Glyoxylate and dicarboxylate metabolism","Carbohydrate metabolism"
"K01847","Methylmalonyl-CoA mutase","Glyoxylate and dicarboxylate metabolism","Carbohydrate metabolism"
"K01848","Methylmalonyl-CoA mutase, N-terminal domain","Glyoxylate and dicarboxylate metabolism","Carbohydrate metabolism"
"K01849","Methylmalonyl-CoA mutase, C-terminal domain","Glyoxylate and dicarboxylate metabolism","Carbohydrate metabolism"
"K01850","Chorismate mutase","Phenylalanine, tyrosine and tryptophan biosynthesis","Amino acid metabolism"
"K01851","Salicylate biosynthesis isochorismate synthase","Ubiquinone and other terpenoid-quinone biosynthesis","Metabolism of cofactors and vitamins"
"K01852","Lanosterol synthase","Steroid biosynthesis","Lipid metabolism"
"K01854","UDP-galactopyranose mutase","Galactose metabolism","Carbohydrate metabolism"
"K01856","Muconate cycloisomerase","Benzoate degradation","Xenobiotics biodegradation and metabolism"
"K01857","3-carboxy-cis,cis-muconate cycloisomerase","Benzoate degradation","Xenobiotics biodegradation and metabolism"
"K01858","Myo-inositol-1-phosphate synthase","Inositol phosphate metabolism","Carbohydrate metabolism"
"K01860","Chloromuconate cycloisomerase","Fluorobenzoate degradation","Xenobiotics biodegradation and metabolism"
"K01874","Methionyl-tRNA synthetase","Selenocompound metabolism","Metabolism of other amino acids"
"K01885","Glutamyl-tRNA synthetase","Porphyrin and chlorophyll metabolism","Metabolism of cofactors and vitamins"
"K01886","Glutaminyl-tRNA synthetase","Aminoacyl-tRNA biosynthesis","Translation"
"K01895","Acetyl-CoA synthetase","Glycolysis / Gluconeogenesis","Carbohydrate metabolism"
"K01896","Medium-chain acyl-CoA synthetase","Butanoate metabolism","Carbohydrate metabolism"
"K01897","Long-chain acyl-CoA synthetase","Fatty acid biosynthesis","Lipid metabolism"
"K01902","Succinyl-CoA synthetase alpha subunit","Citrate cycle (TCA cycle)","Carbohydrate metabolism"
"K01903","Succinyl-CoA synthetase beta subunit","Citrate cycle (TCA cycle)","Carbohydrate metabolism"
"K01904","4-coumarate--CoA ligase","Ubiquinone and other terpenoid-quinone biosynthesis","Metabolism of cofactors and vitamins"
"K01905","Acetate---CoA ligase (ADP-forming) subunit alpha","Glycolysis / Gluconeogenesis","Carbohydrate metabolism"
"K01906","6-carboxyhexanoate--CoA ligase","Biotin metabolism","Metabolism of cofactors and vitamins"
"K01907","Acetoacetyl-CoA synthetase","Butanoate metabolism","Carbohydrate metabolism"
"K01908","Propionyl-CoA synthetase","Propanoate metabolism","Carbohydrate metabolism"
"K01911","O-succinylbenzoate---CoA ligase","Ubiquinone and other terpenoid-quinone biosynthesis","Metabolism of cofactors and vitamins"
"K01912","Phenylacetate-CoA ligase","Phenylalanine metabolism","Amino acid metabolism"
"K01914","Aspartate--ammonia ligase","Alanine, aspartate and glutamate metabolism","Amino acid metabolism"
"K01915","Glutamine synthetase","Glyoxylate and dicarboxylate metabolism","Carbohydrate metabolism"
"K01916","NAD+ synthase","Nicotinate and nicotinamide metabolism","Metabolism of cofactors and vitamins"
"K01918","Pantoate--beta-alanine ligase","beta-Alanine metabolism","Metabolism of other amino acids"
"K01919","Glutamate--cysteine ligase","Cysteine and methionine metabolism","Amino acid metabolism"
"K01920","Glutathione synthase","Cysteine and methionine metabolism","Amino acid metabolism"
"K01921","D-alanine-D-alanine ligase","D-Alanine metabolism","Metabolism of other amino acids"
"K01923","Phosphoribosylaminoimidazole-succinocarboxamide synthase","Purine metabolism","Nucleotide metabolism"
"K01924","UDP-N-acetylmuramate--alanine ligase","D-Glutamine and D-glutamate metabolism","Metabolism of other amino acids"
"K01925","UDP-N-acetylmuramoylalanine--D-glutamate ligase","D-Glutamine and D-glutamate metabolism","Metabolism of other amino acids"
"K01928","UDP-N-acetylmuramoyl-L-alanyl-D-glutamate--2,6-diaminopimelate ligase","Lysine biosynthesis","Amino acid metabolism"
"K01929","UDP-N-acetylmuramoyl-tripeptide--D-alanyl-D-alanine ligase","Lysine biosynthesis","Amino acid metabolism"
"K01933","Phosphoribosylformylglycinamidine cyclo-ligase","Purine metabolism","Nucleotide metabolism"
"K01934","5-formyltetrahydrofolate cyclo-ligase","One carbon pool by folate","Metabolism of cofactors and vitamins"
"K01935","Dethiobiotin synthetase","Biotin metabolism","Metabolism of cofactors and vitamins"
"K01938","Formate--tetrahydrofolate ligase","Carbon fixation pathways in prokaryotes","Energy metabolism"
"K01939","Adenylosuccinate synthase","Purine metabolism","Nucleotide metabolism"
"K01940","Argininosuccinate synthase","Alanine, aspartate and glutamate metabolism","Amino acid metabolism"
"K01941","Urea carboxylase","Arginine biosynthesis","Amino acid metabolism"
"K01945","Phosphoribosylamine---glycine ligase","Purine metabolism","Nucleotide metabolism"
"K01947","Biotin---[acetyl-CoA-carboxylase] ligase / type III pantothenate kinase","Pantothenate and CoA biosynthesis","Metabolism of cofactors and vitamins"
"K01950","NAD+ synthase (glutamine-hydrolysing)","Nicotinate and nicotinamide metabolism","Metabolism of cofactors and vitamins"
"K01951","GMP synthase (glutamine-hydrolysing)","Purine metabolism","Nucleotide metabolism"
"K01952","Phosphoribosylformylglycinamidine synthase","Purine metabolism","Nucleotide metabolism"
"K01953","Asparagine synthase (glutamine-hydrolysing)","Alanine, aspartate and glutamate metabolism","Amino acid metabolism"
"K01955","Carbamoyl-phosphate synthase large subunit","Pyrimidine metabolism","Nucleotide metabolism"
"K01956","Carbamoyl-phosphate synthase small subunit","Pyrimidine metabolism","Nucleotide metabolism"
"K01958","Pyruvate carboxylase","Citrate cycle (TCA cycle)","Carbohydrate metabolism"
"K01959","Pyruvate carboxylase subunit A","Citrate cycle (TCA cycle)","Carbohydrate metabolism"
"K01960","Pyruvate carboxylase subunit B","Citrate cycle (TCA cycle)","Carbohydrate metabolism"
"K01961","Acetyl-CoA carboxylase, biotin carboxylase subunit","Pyruvate metabolism","Carbohydrate metabolism"
"K01962","Acetyl-CoA carboxylase carboxyl transferase subunit alpha","Pyruvate metabolism","Carbohydrate metabolism"
"K01963","Acetyl-CoA carboxylase carboxyl transferase subunit beta","Pyruvate metabolism","Carbohydrate metabolism"
"K01964","Acetyl-CoA/propionyl-CoA carboxylase","Glyoxylate and dicarboxylate metabolism","Carbohydrate metabolism"
"K01965","Propionyl-CoA carboxylase alpha chain","Glyoxylate and dicarboxylate metabolism","Carbohydrate metabolism"
"K01966","Propionyl-CoA carboxylase beta chain","Glyoxylate and dicarboxylate metabolism","Carbohydrate metabolism"
"K01968","3-methylcrotonyl-CoA carboxylase alpha subunit","Valine, leucine and isoleucine degradation","Amino acid metabolism"
"K01969","3-methylcrotonyl-CoA carboxylase beta subunit","Valine, leucine and isoleucine degradation","Amino acid metabolism"
"K02078","Acyl carrier protein","Fatty acid biosynthesis","Lipid metabolism"
"K02079","N-acetylgalactosamine-6-phosphate deacetylase","Galactose metabolism","Carbohydrate metabolism"
"K02080","Galactosamine-6-phosphate isomerase","Galactose metabolism","Carbohydrate metabolism"
"K02083","Allantoate deiminase","Purine metabolism","Nucleotide metabolism"
"K02092","Allophycocyanin alpha subunit","Photosynthesis - antenna proteins","Energy metabolism"
"K02093","Allophycocyanin beta subunit","Photosynthesis - antenna proteins","Energy metabolism"
"K02094","Phycobilisome core linker protein","Photosynthesis - antenna proteins","Energy metabolism"
"K02095","Allophycocyanin-B","Photosynthesis - antenna proteins","Energy metabolism"
"K02096","Phycobilisome core-membrane linker protein","Photosynthesis - antenna proteins","Energy metabolism"
"K02097","Phycobilisome core component","Photosynthesis - antenna proteins","Energy metabolism"
"K02107","V/A-type H+/Na+-transporting ATPase subunit G/H","Oxidative phosphorylation","Energy metabolism"
"K02108","F-type H+-transporting ATPase subunit a","Oxidative phosphorylation","Energy metabolism"
"K02109","F-type H+-transporting ATPase subunit b","Oxidative phosphorylation","Energy metabolism"
"K02110","F-type H+-transporting ATPase subunit c","Oxidative phosphorylation","Energy metabolism"
"K02111","F-type H+/Na+-transporting ATPase subunit alpha","Oxidative phosphorylation","Energy metabolism"
"K02112","F-type H+/Na+-transporting ATPase subunit beta","Oxidative phosphorylation","Energy metabolism"
"K02113","F-type H+-transporting ATPase subunit delta","Oxidative phosphorylation","Energy metabolism"
"K02114","F-type H+-transporting ATPase subunit epsilon","Oxidative phosphorylation","Energy metabolism"
"K02115","F-type H+-transporting ATPase subunit gamma","Oxidative phosphorylation","Energy metabolism"
"K02117","V/A-type H+/Na+-transporting ATPase subunit A","Oxidative phosphorylation","Energy metabolism"
"K02118","V/A-type H+/Na+-transporting ATPase subunit B","Oxidative phosphorylation","Energy metabolism"
"K02119","V/A-type H+/Na+-transporting ATPase subunit C","Oxidative phosphorylation","Energy metabolism"
"K02120","V/A-type H+/Na+-transporting ATPase subunit D","Oxidative phosphorylation","Energy metabolism"
"K02121","V/A-type H+/Na+-transporting ATPase subunit E","Oxidative phosphorylation","Energy metabolism"
"K02122","V/A-type H+/Na+-transporting ATPase subunit F","Oxidative phosphorylation","Energy metabolism"
"K02123","V/A-type H+/Na+-transporting ATPase subunit I","Oxidative phosphorylation","Energy metabolism"
"K02124","V/A-type H+/Na+-transporting ATPase subunit K","Oxidative phosphorylation","Energy metabolism"
"K02133","F-type H+-transporting ATPase subunit beta","Oxidative phosphorylation","Energy metabolism"
"K02160","Acetyl-CoA carboxylase biotin carboxyl carrier protein","Pyruvate metabolism","Carbohydrate metabolism"
"K02169","Malonyl-CoA O-methyltransferase","Biotin metabolism","Metabolism of cofactors and vitamins"
"K02170","Pimeloyl-[acyl-carrier protein] methyl ester esterase","Biotin metabolism","Metabolism of cofactors and vitamins"
"K02188","Cobalt-precorrin-5B (C1)-methyltransferase","Porphyrin and chlorophyll metabolism","Metabolism of cofactors and vitamins"
"K02189","Cobalt-precorrin 5A hydrolase","Porphyrin and chlorophyll metabolism","Metabolism of cofactors and vitamins"
"K02190","Sirohydrochlorin cobaltochelatase","Porphyrin and chlorophyll metabolism","Metabolism of cofactors and vitamins"
"K02191","Cobalt-precorrin-6B (C15)-methyltransferase","Porphyrin and chlorophyll metabolism","Metabolism of cofactors and vitamins"
"K02201","Pantetheine-phosphate adenylyltransferase","Pantothenate and CoA biosynthesis","Metabolism of cofactors and vitamins"
"K02203","Phosphoserine / homoserine phosphotransferase","Methane metabolism","Energy metabolism"
"K02204","Homoserine kinase type II","Glycine, serine and threonine metabolism","Amino acid metabolism"
"K02224","Cobyrinic acid a,c-diamide synthase","Porphyrin and chlorophyll metabolism","Metabolism of cofactors and vitamins"
"K02225","Cobalamin biosynthesis protein CobC","Porphyrin and chlorophyll metabolism","Metabolism of cofactors and vitamins"
"K02226","Alpha-ribazole phosphatase","Porphyrin and chlorophyll metabolism","Metabolism of cofactors and vitamins"
"K02227","Adenosylcobinamide-phosphate synthase","Porphyrin and chlorophyll metabolism","Metabolism of cofactors and vitamins"
"K02228","Precorrin-6A synthase","Porphyrin and chlorophyll metabolism","Metabolism of cofactors and vitamins"
"K02229","Precorrin-3B synthase","Porphyrin and chlorophyll metabolism","Metabolism of cofactors and vitamins"
"K02230","Cobaltochelatase CobN","Porphyrin and chlorophyll metabolism","Metabolism of cofactors and vitamins"
"K02231","Adenosylcobinamide kinase / adenosylcobinamide-phosphate guanylyltransferase","Porphyrin and chlorophyll metabolism","Metabolism of cofactors and vitamins"
"K02232","Adenosylcobyric acid synthase","Porphyrin and chlorophyll metabolism","Metabolism of cofactors and vitamins"
"K02233","Adenosylcobinamide-GDP ribazoletransferase","Porphyrin and chlorophyll metabolism","Metabolism of cofactors and vitamins"
"K02257","Heme o synthase","Oxidative phosphorylation","Energy metabolism"
"K02258","Cytochrome c oxidase assembly protein subunit 11","Oxidative phosphorylation","Energy metabolism"
"K02259","Heme a synthase","Oxidative phosphorylation","Energy metabolism"
"K02274","Cytochrome c oxidase subunit I","Oxidative phosphorylation","Energy metabolism"
"K02275","Cytochrome c oxidase subunit II","Oxidative phosphorylation","Energy metabolism"
"K02276","Cytochrome c oxidase subunit III","Oxidative phosphorylation","Energy metabolism"
"K02277","Cytochrome c oxidase subunit IV","Oxidative phosphorylation","Energy metabolism"
"K02284","Phycocyanin alpha chain","Photosynthesis - antenna proteins","Energy metabolism"
"K02285","Phycocyanin beta chain","Photosynthesis - antenna proteins","Energy metabolism"
"K02286","Phycocyanin-associated rod linker protein","Photosynthesis - antenna proteins","Energy metabolism"
"K02287","Phycocyanin-associated, rod","Photosynthesis - antenna proteins","Energy metabolism"
"K02288","Phycocyanobilin lyase subunit alpha","Photosynthesis - antenna proteins","Energy metabolism"
"K02289","Phycocyanobilin lyase subunit beta","Photosynthesis - antenna proteins","Energy metabolism"
"K02290","Phycobilisome rod-core linker protein","Photosynthesis - antenna proteins","Energy metabolism"
"K02291","15-cis-phytoene synthase","Carotenoid biosynthesis","Metabolism of terpenoids and polyketides"
"K02293","15-cis-phytoene desaturase","Carotenoid biosynthesis","Metabolism of terpenoids and polyketides"
"K02294","Beta-carotene hydroxylase","Carotenoid biosynthesis","Metabolism of terpenoids and polyketides"
"K02297","Cytochrome o ubiquinol oxidase subunit II","Oxidative phosphorylation","Energy metabolism"
"K02298","Cytochrome o ubiquinol oxidase subunit I","Oxidative phosphorylation","Energy metabolism"
"K02299","Cytochrome o ubiquinol oxidase subunit III","Oxidative phosphorylation","Energy metabolism"
"K02300","Cytochrome o ubiquinol oxidase subunit IV","Oxidative phosphorylation","Energy metabolism"
"K02302","Uroporphyrin-III C-methyltransferase / precorrin-2 dehydrogenase / sirohydrochlorin ferrochelatase","Porphyrin and chlorophyll metabolism","Metabolism of cofactors and vitamins"
"K02303","Uroporphyrin-III C-methyltransferase","Porphyrin and chlorophyll metabolism","Metabolism of cofactors and vitamins"
"K02304","Precorrin-2 dehydrogenase / sirohydrochlorin ferrochelatase","Porphyrin and chlorophyll metabolism","Metabolism of cofactors and vitamins"
"K02305","Nitric oxide reductase subunit C","Nitrogen metabolism","Energy metabolism"
"K02361","Isochorismate synthase","Ubiquinone and other terpenoid-quinone biosynthesis","Metabolism of cofactors and vitamins"
"K02371","Enoyl-[acyl-carrier protein] reductase II","Fatty acid biosynthesis","Lipid metabolism"
"K02372","3-hydroxyacyl-[acyl-carrier-protein] dehydratase","Fatty acid biosynthesis","Lipid metabolism"
"K02377","GDP-L-fucose synthase","Fructose and mannose metabolism","Carbohydrate metabolism"
"K02433","Aspartyl-tRNA(Asn)/glutamyl-tRNA(Gln) amidotransferase subunit A","Aminoacyl-tRNA biosynthesis","Translation"
"K02434","Aspartyl-tRNA(Asn)/glutamyl-tRNA(Gln) amidotransferase subunit B","Aminoacyl-tRNA biosynthesis","Translation"
"K02435","Aspartyl-tRNA(Asn)/glutamyl-tRNA(Gln) amidotransferase subunit C","Aminoacyl-tRNA biosynthesis","Translation"
"K02437","Glycine cleavage system H protein","Glyoxylate and dicarboxylate metabolism","Carbohydrate metabolism"
"K02438","Glycogen debranching enzyme","Starch and sucrose metabolism","Carbohydrate metabolism"
"K02439","Thiosulfate sulfurtransferase","Sulfur metabolism","Energy metabolism"
"K02446","Fructose-1,6-bisphosphatase II","Glycolysis / Gluconeogenesis","Carbohydrate metabolism"
"K02472","UDP-N-acetyl-D-mannosaminuronic acid dehydrogenase","Amino sugar and nucleotide sugar metabolism","Carbohydrate metabolism"
"K02473","UDP-N-acetylglucosamine/UDP-N-acetylgalactosamine 4-epimerase","Amino sugar and nucleotide sugar metabolism","Carbohydrate metabolism"
"K02474","UDP-N-acetyl-D-glucosamine/UDP-N-acetyl-D-galactosamine dehydrogenase","Amino sugar and nucleotide sugar metabolism","Carbohydrate metabolism"
"K02492","Glutamyl-tRNA reductase","Porphyrin and chlorophyll metabolism","Metabolism of cofactors and vitamins"
"K02495","Oxygen-independent coproporphyrinogen III oxidase","Porphyrin and chlorophyll metabolism","Metabolism of cofactors and vitamins"
"K02496","Uroporphyrin-III C-methyltransferase","Porphyrin and chlorophyll metabolism","Metabolism of cofactors and vitamins"
"K02500","Imidazole glycerol-phosphate synthase subunit HisF","Histidine metabolism","Amino acid metabolism"
"K02501","Imidazole glycerol-phosphate synthase subunit HisH","Histidine metabolism","Amino acid metabolism"
"K02502","ATP phosphoribosyltransferase regulatory subunit","Histidine metabolism","Amino acid metabolism"
"K02509","2-oxo-hept-3-ene-1,7-dioate hydratase","Tyrosine metabolism","Amino acid metabolism"
"K02510","4-hydroxy-2-oxoheptanedioate aldolase","Tyrosine metabolism","Amino acid metabolism"
"K02517","Kdo2-lipid IVA lauroyltransferase/acyltransferase","Lipopolysaccharide biosynthesis","Glycan biosynthesis and metabolism"
"K02527","3-deoxy-D-manno-octulosonic-acid transferase","Lipopolysaccharide biosynthesis","Glycan biosynthesis and metabolism"
"K02535","UDP-3-O-[3-hydroxymyristoyl] N-acetylglucosamine deacetylase","Lipopolysaccharide biosynthesis","Glycan biosynthesis and metabolism"
"K02536","UDP-3-O-[3-hydroxymyristoyl] glucosamine N-acyltransferase","Lipopolysaccharide biosynthesis","Glycan biosynthesis and metabolism"
"K02545","Penicillin-binding protein 2 prime","Peptidoglycan biosynthesis","Glycan biosynthesis and metabolism"
"K02548","1,4-dihydroxy-2-naphthoate polyprenyltransferase","Ubiquinone and other terpenoid-quinone biosynthesis","Metabolism of cofactors and vitamins"
"K02549","O-succinylbenzoate synthase","Ubiquinone and other terpenoid-quinone biosynthesis","Metabolism of cofactors and vitamins"
"K02551","2-succinyl-5-enolpyruvyl-6-hydroxy-3-cyclohexene-1-carboxylate synthase","Ubiquinone and other terpenoid-quinone biosynthesis","Metabolism of cofactors and vitamins"
"K02552","Menaquinone-specific isochorismate synthase","Ubiquinone and other terpenoid-quinone biosynthesis","Metabolism of cofactors and vitamins"
"K02554","2-keto-4-pentenoate hydratase","Phenylalanine metabolism","Amino acid metabolism"
"K02560","Lauroyl-Kdo2-lipid IVA myristoyltransferase","Lipopolysaccharide biosynthesis","Glycan biosynthesis and metabolism"
"K02563","UDP-N-acetylglucosamine--N-acetylmuramyl-(pentapeptide) pyrophosphoryl-undecaprenol N-acetylglucosamine transferase","Peptidoglycan biosynthesis","Glycan biosynthesis and metabolism"
"K02564","Glucosamine-6-phosphate deaminase","Amino sugar and nucleotide sugar metabolism","Carbohydrate metabolism"
"K02567","Nitrate reductase (cytochrome)","Nitrogen metabolism","Energy metabolism"
"K02568","Nitrate reductase (cytochrome), electron transfer subunit","Nitrogen metabolism","Energy metabolism"
"K02586","Nitrogenase molybdenum-iron protein alpha chain","Nitrogen metabolism","Energy metabolism"
"K02588","Nitrogenase iron protein NifH","Nitrogen metabolism","Energy metabolism"
"K02591","Nitrogenase molybdenum-iron protein beta chain","Nitrogen metabolism","Energy metabolism"
"K02609","Ring-1,2-phenylacetyl-CoA epoxidase subunit PaaA","Phenylalanine metabolism","Amino acid metabolism"
"K02610","Ring-1,2-phenylacetyl-CoA epoxidase subunit PaaB","Phenylalanine metabolism","Amino acid metabolism"
"K02611","Ring-1,2-phenylacetyl-CoA epoxidase subunit PaaC","Phenylalanine metabolism","Amino acid metabolism"
"K02612","Ring-1,2-phenylacetyl-CoA epoxidase subunit PaaD","Phenylalanine metabolism","Amino acid metabolism"
"K02613","Ring-1,2-phenylacetyl-CoA epoxidase subunit PaaE","Phenylalanine metabolism","Amino acid metabolism"
"K02614","Acyl-CoA thioesterase","Phenylalanine metabolism","Amino acid metabolism"
"K02615","3-oxo-5,6-didehydrosuberyl-CoA/3-oxoadipyl-CoA thiolase","Phenylalanine metabolism","Amino acid metabolism"
"K02618","Oxepin-CoA hydrolase / 3-oxo-5,6-dehydrosuberyl-CoA semialdehyde dehydrogenase","Phenylalanine metabolism","Amino acid metabolism"
"K02626","Arginine decarboxylase","Arginine and proline metabolism","Amino acid metabolism"
"K02628","Phycoerythrocyanin alpha chain","Photosynthesis - antenna proteins","Energy metabolism"
"K02629","Phycoerythrocyanin beta chain","Photosynthesis - antenna proteins","Energy metabolism"
"K02630","Phycoerythrocyanin-associated rod linker protein","Photosynthesis - antenna proteins","Energy metabolism"
"K02631","Phycoerythrocyanin alpha-cysteine-84 phycoviolobilin lyase/isomerase subunit PecE","Photosynthesis - antenna proteins","Energy metabolism"
"K02632","Phycoerythrocyanin alpha-cysteine-84 phycoviolobilin lyase/isomerase subunit PecF","Photosynthesis - antenna proteins","Energy metabolism"
"K02634","Apocytochrome f","Photosynthesis","Energy metabolism"
"K02635","Cytochrome b6","Photosynthesis","Energy metabolism"
"K02636","Cytochrome b6-f complex iron-sulfur subunit","Photosynthesis","Energy metabolism"
"K02637","Cytochrome b6-f complex subunit 4","Photosynthesis","Energy metabolism"
"K02640","Cytochrome b6-f complex subunit 5","Photosynthesis","Energy metabolism"
"K02641","Ferredoxin--NADP+ reductase","Photosynthesis","Energy metabolism"
"K02642","Cytochrome b6-f complex subunit 6","Photosynthesis","Energy metabolism"
"K02643","Cytochrome b6-f complex subunit 7","Photosynthesis","Energy metabolism"
"K02689","Photosystem I P700 chlorophyll a apoprotein A1","Photosynthesis","Energy metabolism"
"K02690","Photosystem I P700 chlorophyll a apoprotein A2","Photosynthesis","Energy metabolism"
"K02691","Photosystem I subunit VII","Photosynthesis","Energy metabolism"
"K02692","Photosystem I subunit II","Photosynthesis","Energy metabolism"
"K02693","Photosystem I subunit IV","Photosynthesis","Energy metabolism"
"K02694","Photosystem I subunit III","Photosynthesis","Energy metabolism"
"K02703","Photosystem II P680 reaction center D1 protein","Photosynthesis","Energy metabolism"
"K02704","Photosystem II CP47 chlorophyll apoprotein","Photosynthesis","Energy metabolism"
"K02705","Photosystem II CP43 chlorophyll apoprotein","Photosynthesis","Energy metabolism"
"K02706","Photosystem II P680 reaction center D2 protein","Photosynthesis","Energy metabolism"
"K02707","Photosystem II cytochrome b559 subunit alpha","Photosynthesis","Energy metabolism"
"K02708","Photosystem II cytochrome b559 subunit beta","Photosynthesis","Energy metabolism"
"K02744","N-acetylgalactosamine PTS system EIIA component","Galactose metabolism","Carbohydrate metabolism"
"K02745","N-acetylgalactosamine PTS system EIIB component","Galactose metabolism","Carbohydrate metabolism"
"K02746","N-acetylgalactosamine PTS system EIIC component","Galactose metabolism","Carbohydrate metabolism"
"K02747","N-acetylgalactosamine PTS system EIID component","Galactose metabolism","Carbohydrate metabolism"
"K02768","Fructose PTS system EIIA component","Fructose and mannose metabolism","Carbohydrate metabolism"
"K02769","Fructose PTS system EIIB component","Fructose and mannose metabolism","Carbohydrate metabolism"
"K02770","Fructose PTS system EIIBC or EIIC component","Fructose and mannose metabolism","Carbohydrate metabolism"
"K02773","Galactitol PTS system EIIA component","Galactose metabolism","Carbohydrate metabolism"
"K02774","Galactitol PTS system EIIB component","Galactose metabolism","Carbohydrate metabolism"
"K02775","Galactitol PTS system EIIC component","Galactose metabolism","Carbohydrate metabolism"
"K02777","Sugar PTS system EIIA component","Glycolysis / Gluconeogenesis","Carbohydrate metabolism"
"K02778","Glucose PTS system EIIB component","Transporters","Protein families: signaling and cellular processes"
"K02779","Glucose PTS system EIICB or EIICBA component","Glycolysis / Gluconeogenesis","Carbohydrate metabolism"
"K02781","Glucitol/sorbitol PTS system EIIA component","Fructose and mannose metabolism","Carbohydrate metabolism"
"K02782","Glucitol/sorbitol PTS system EIIB component","Fructose and mannose metabolism","Carbohydrate metabolism"
"K02783","Glucitol/sorbitol PTS system EIIC component","Fructose and mannose metabolism","Carbohydrate metabolism"
"K02786","Lactose PTS system EIIA component","Galactose metabolism","Carbohydrate metabolism"
"K02787","NA","NA","NA"
"K02788","Lactose PTS system EIICB component","Galactose metabolism","Carbohydrate metabolism"
"K02790","NA","NA","NA"
"K02791","Maltose/glucose PTS system EIICB component","Glycolysis / Gluconeogenesis","Carbohydrate metabolism"
"K02793","Mannose PTS system EIIA component","Fructose and mannose metabolism","Carbohydrate metabolism"
"K02794","Mannose PTS system EIIAB component","Fructose and mannose metabolism","Carbohydrate metabolism"
"K02795","Mannose PTS system EIIC component","Fructose and mannose metabolism","Carbohydrate metabolism"
"K02796","Mannose PTS system EIID component","Fructose and mannose metabolism","Carbohydrate metabolism"
"K02798","Mannitol PTS system EIIA component","Fructose and mannose metabolism","Carbohydrate metabolism"
"K02799","NA","NA","NA"
"K02800","Mannitol PTS system EIICBA or EIICB component","Fructose and mannose metabolism","Carbohydrate metabolism"
"K02812","Sorbose PTS system EIIA component","Fructose and mannose metabolism","Carbohydrate metabolism"
"K02813","Sorbose PTS system EIIB component","Fructose and mannose metabolism","Carbohydrate metabolism"
"K02814","Sorbose PTS system EIIC component","Fructose and mannose metabolism","Carbohydrate metabolism"
"K02815","Sorbose PTS system EIID component","Fructose and mannose metabolism","Carbohydrate metabolism"
"K02821","Ascorbate PTS system EIIA or EIIAB component","Ascorbate and aldarate metabolism","Carbohydrate metabolism"
"K02822","Ascorbate PTS system EIIB component","Ascorbate and aldarate metabolism","Carbohydrate metabolism"
"K02826","Cytochrome aa3-600 menaquinol oxidase subunit II","Oxidative phosphorylation","Energy metabolism"
"K02827","Cytochrome aa3-600 menaquinol oxidase subunit I","Oxidative phosphorylation","Energy metabolism"
"K02828","Cytochrome aa3-600 menaquinol oxidase subunit III","Oxidative phosphorylation","Energy metabolism"
"K02829","Cytochrome aa3-600 menaquinol oxidase subunit IV","Oxidative phosphorylation","Energy metabolism"
"K02840","UDP-D-galactose:(glucosyl)LPS alpha-1,6-D-galactosyltransferase","Lipopolysaccharide biosynthesis","Glycan biosynthesis and metabolism"
"K02841","Heptosyltransferase I","Lipopolysaccharide biosynthesis","Glycan biosynthesis and metabolism"
"K02843","Heptosyltransferase II","Lipopolysaccharide biosynthesis","Glycan biosynthesis and metabolism"
"K02844","UDP-glucose:(heptosyl)LPS alpha-1,3-glucosyltransferase","Lipopolysaccharide biosynthesis","Glycan biosynthesis and metabolism"
"K02847","O-antigen ligase","Lipopolysaccharide biosynthesis","Glycan biosynthesis and metabolism"
"K02848","Heptose I phosphotransferase","Lipopolysaccharide biosynthesis","Glycan biosynthesis and metabolism"
"K02849","Heptosyltransferase III","Lipopolysaccharide biosynthesis","Glycan biosynthesis and metabolism"
"K02850","Heptose II phosphotransferase","Lipopolysaccharide biosynthesis","Glycan biosynthesis and metabolism"
"K02851","UDP-GlcNAc:undecaprenyl-phosphate/decaprenyl-phosphate GlcNAc-1-phosphate transferase","O-Antigen repeat unit biosynthesis","Glycan biosynthesis and metabolism"
"K02858","3,4-dihydroxy 2-butanone 4-phosphate synthase","Riboflavin metabolism","Metabolism of cofactors and vitamins"
"K03077","L-ribulose-5-phosphate 4-epimerase","Pentose and glucuronate interconversions","Carbohydrate metabolism"
"K03078","3-dehydro-L-gulonate-6-phosphate decarboxylase","Pentose and glucuronate interconversions","Carbohydrate metabolism"
"K03079","L-ribulose-5-phosphate 3-epimerase","Pentose and glucuronate interconversions","Carbohydrate metabolism"
"K03147","Phosphomethylpyrimidine synthase","Thiamine metabolism","Metabolism of cofactors and vitamins"
"K03148","Sulfur carrier protein ThiS adenylyltransferase","Thiamine metabolism","Metabolism of cofactors and vitamins"
"K03149","Thiazole synthase","Thiamine metabolism","Metabolism of cofactors and vitamins"
"K03150","2-iminoacetate synthase","Thiamine metabolism","Metabolism of cofactors and vitamins"
"K03151","TRNA uracil 4-sulfurtransferase","Thiamine metabolism","Metabolism of cofactors and vitamins"
"K03153","Glycine oxidase","Thiamine metabolism","Metabolism of cofactors and vitamins"
"K03179","4-hydroxybenzoate polyprenyltransferase","Ubiquinone and other terpenoid-quinone biosynthesis","Metabolism of cofactors and vitamins"
"K03181","Chorismate lyase","Ubiquinone and other terpenoid-quinone biosynthesis","Metabolism of cofactors and vitamins"
"K03182","4-hydroxy-3-polyprenylbenzoate decarboxylase","Ubiquinone and other terpenoid-quinone biosynthesis","Metabolism of cofactors and vitamins"
"K03183","Demethylmenaquinone methyltransferase / 2-methoxy-6-polyprenyl-1,4-benzoquinol methylase","Ubiquinone and other terpenoid-quinone biosynthesis","Metabolism of cofactors and vitamins"
"K03184","3-demethoxyubiquinol 3-hydroxylase","Ubiquinone and other terpenoid-quinone biosynthesis","Metabolism of cofactors and vitamins"
"K03185","2-octaprenyl-6-methoxyphenol hydroxylase","Ubiquinone and other terpenoid-quinone biosynthesis","Metabolism of cofactors and vitamins"
"K03186","Flavin prenyltransferase","Ubiquinone and other terpenoid-quinone biosynthesis","Metabolism of cofactors and vitamins"
"K03268","Benzene/toluene/chlorobenzene dioxygenase subunit alpha","Benzoate degradation","Xenobiotics biodegradation and metabolism"
"K03269","UDP-2,3-diacylglucosamine hydrolase","Lipopolysaccharide biosynthesis","Glycan biosynthesis and metabolism"
"K03270","3-deoxy-D-manno-octulosonate 8-phosphate phosphatase (KDO 8-P phosphatase)","Lipopolysaccharide biosynthesis","Glycan biosynthesis and metabolism"
"K03271","D-sedoheptulose 7-phosphate isomerase","Lipopolysaccharide biosynthesis","Glycan biosynthesis and metabolism"
"K03272","D-beta-D-heptose 7-phosphate kinase / D-beta-D-heptose 1-phosphate adenosyltransferase","Lipopolysaccharide biosynthesis","Glycan biosynthesis and metabolism"
"K03273","D-glycero-D-manno-heptose 1,7-bisphosphate phosphatase","Lipopolysaccharide biosynthesis","Glycan biosynthesis and metabolism"
"K03274","ADP-L-glycero-D-manno-heptose 6-epimerase","Lipopolysaccharide biosynthesis","Glycan biosynthesis and metabolism"
"K03275","UDP-glucose:(glucosyl)LPS alpha-1,3-glucosyltransferase","Lipopolysaccharide biosynthesis","Glycan biosynthesis and metabolism"
"K03276","UDP-glucose/galactose:(glucosyl)LPS alpha-1,2-glucosyl/galactosyltransferase","Lipopolysaccharide biosynthesis","Glycan biosynthesis and metabolism"
"K03277","Heptosyltransferase IV","Lipopolysaccharide biosynthesis","Glycan biosynthesis and metabolism"
"K03278","UDP-D-galactose:(glucosyl)LPS alpha-1,3-D-galactosyltransferase","Lipopolysaccharide biosynthesis","Glycan biosynthesis and metabolism"
"K03279","UDP-glucose:(galactosyl)LPS alpha-1,2-glucosyltransferase","Lipopolysaccharide biosynthesis","Glycan biosynthesis and metabolism"
"K03280","UDP-N-acetylglucosamine:(glucosyl)LPS alpha-1,2-N-acetylglucosaminyltransferase","Lipopolysaccharide biosynthesis","Glycan biosynthesis and metabolism"
"K03330","Glutamyl-tRNA(Gln) amidotransferase subunit E","Aminoacyl-tRNA biosynthesis","Translation"
"K03331","L-xylulose reductase","Pentose and glucuronate interconversions","Carbohydrate metabolism"
"K03335","Inosose dehydratase","Inositol phosphate metabolism","Carbohydrate metabolism"
"K03336","3D-(3,5/4)-trihydroxycyclohexane-1,2-dione acylhydrolase (decyclizing)","Inositol phosphate metabolism","Carbohydrate metabolism"
"K03337","5-deoxy-glucuronate isomerase","Inositol phosphate metabolism","Carbohydrate metabolism"
"K03338","5-dehydro-2-deoxygluconokinase","Inositol phosphate metabolism","Carbohydrate metabolism"
"K03339","6-phospho-5-dehydro-2-deoxy-D-gluconate aldolase","Inositol phosphate metabolism","Carbohydrate metabolism"
"K03340","Diaminopimelate dehydrogenase","Lysine biosynthesis","Amino acid metabolism"
"K03341","O-phospho-L-seryl-tRNASec:L-selenocysteinyl-tRNA synthase","Selenocompound metabolism","Metabolism of other amino acids"
"K03343","Putrescine oxidase","Arginine and proline metabolism","Amino acid metabolism"
"K03365","Cytosine/creatinine deaminase","Pyrimidine metabolism","Nucleotide metabolism"
"K03367","D-alanine--poly(phosphoribitol) ligase subunit 1","D-Alanine metabolism","Metabolism of other amino acids"
"K03381","Catechol 1,2-dioxygenase","Benzoate degradation","Xenobiotics biodegradation and metabolism"
"K03382","Hydroxydechloroatrazine ethylaminohydrolase","Atrazine degradation","Xenobiotics biodegradation and metabolism"
"K03383","Cyanuric acid amidohydrolase","Atrazine degradation","Xenobiotics biodegradation and metabolism"
"K03385","Nitrite reductase (cytochrome c-552)","Nitrogen metabolism","Energy metabolism"
"K03388","Heterodisulfide reductase subunit A2","Methane metabolism","Energy metabolism"
"K03389","Heterodisulfide reductase subunit B2","Methane metabolism","Energy metabolism"
"K03390","Heterodisulfide reductase subunit C2","Methane metabolism","Energy metabolism"
"K03391","Pentachlorophenol monooxygenase","Fluorobenzoate degradation","Xenobiotics biodegradation and metabolism"
"K03392","Aminocarboxymuconate-semialdehyde decarboxylase","Tryptophan metabolism","Amino acid metabolism"
"K03394","Precorrin-2/cobalt-factor-2 C20-methyltransferase","Porphyrin and chlorophyll metabolism","Metabolism of cofactors and vitamins"
"K03396","S-(hydroxymethyl)glutathione synthase","Methane metabolism","Energy metabolism"
"K03399","Cobalt-precorrin-7 (C5)-methyltransferase","Porphyrin and chlorophyll metabolism","Metabolism of cofactors and vitamins"
"K03403","Magnesium chelatase subunit H","Porphyrin and chlorophyll metabolism","Metabolism of cofactors and vitamins"
"K03404","Magnesium chelatase subunit D","Porphyrin and chlorophyll metabolism","Metabolism of cofactors and vitamins"
"K03405","Magnesium chelatase subunit I","Porphyrin and chlorophyll metabolism","Metabolism of cofactors and vitamins"
"K03416","Methylmalonyl-CoA carboxyltransferase 5S subunit","Propanoate metabolism","Carbohydrate metabolism"
"K03417","Methylisocitrate lyase","Propanoate metabolism","Carbohydrate metabolism"
"K03421","Methyl-coenzyme M reductase subunit C","Methane metabolism","Energy metabolism"
"K03422","Methyl-coenzyme M reductase subunit D","Methane metabolism","Energy metabolism"
"K03426","NAD+ diphosphatase","Nicotinate and nicotinamide metabolism","Metabolism of cofactors and vitamins"
"K03428","Magnesium-protoporphyrin O-methyltransferase","Porphyrin and chlorophyll metabolism","Metabolism of cofactors and vitamins"
"K03429","Processive 1,2-diacylglycerol beta-glucosyltransferase","Glycerolipid metabolism","Lipid metabolism"
"K03430","2-aminoethylphosphonate-pyruvate transaminase","Phosphonate and phosphinate metabolism","Metabolism of other amino acids"
"K03431","Phosphoglucosamine mutase","Amino sugar and nucleotide sugar metabolism","Carbohydrate metabolism"
"K03462","Nicotinamide phosphoribosyltransferase","Nicotinate and nicotinamide metabolism","Metabolism of cofactors and vitamins"
"K03464","Muconolactone D-isomerase","Benzoate degradation","Xenobiotics biodegradation and metabolism"
"K03472","D-erythrose 4-phosphate dehydrogenase","Vitamin B6 metabolism","Metabolism of cofactors and vitamins"
"K03473","Erythronate-4-phosphate dehydrogenase","Vitamin B6 metabolism","Metabolism of cofactors and vitamins"
"K03474","Pyridoxine 5-phosphate synthase","Vitamin B6 metabolism","Metabolism of cofactors and vitamins"
"K03475","Ascorbate PTS system EIIC component","Ascorbate and aldarate metabolism","Carbohydrate metabolism"
"K03476","L-ascorbate 6-phosphate lactonase","Ascorbate and aldarate metabolism","Carbohydrate metabolism"
"K03517","Quinolinate synthase","Nicotinate and nicotinamide metabolism","Metabolism of cofactors and vitamins"
"K03524","BirA family transcriptional regulator, biotin operon repressor / biotin---[acetyl-CoA-carboxylase] ligase","Biotin metabolism","Metabolism of cofactors and vitamins"
"K03525","Type III pantothenate kinase","Pantothenate and CoA biosynthesis","Metabolism of cofactors and vitamins"
"K03526","(E)-4-hydroxy-3-methylbut-2-enyl-diphosphate synthase","Terpenoid backbone biosynthesis","Metabolism of terpenoids and polyketides"
"K03527","4-hydroxy-3-methylbut-2-en-1-yl diphosphate reductase","Terpenoid backbone biosynthesis","Metabolism of terpenoids and polyketides"
"K03532","Trimethylamine-N-oxide reductase (cytochrome c), cytochrome c-type subunit TorC","Methane metabolism","Energy metabolism"
"K03533","TorA specific chaperone","Methane metabolism","Energy metabolism"
"K03621","Phosphate acyltransferase","Glycerolipid metabolism","Lipid metabolism"
"K03635","Molybdopterin synthase catalytic subunit","Folate biosynthesis","Metabolism of cofactors and vitamins"
"K03637","Cyclic pyranopterin monophosphate synthase","Folate biosynthesis","Metabolism of cofactors and vitamins"
"K03638","Molybdopterin adenylyltransferase","Folate biosynthesis","Metabolism of cofactors and vitamins"
"K03639","GTP 3',8-cyclase","Folate biosynthesis","Metabolism of cofactors and vitamins"
"K03644","Lipoyl synthase","Lipoic acid metabolism","Metabolism of cofactors and vitamins"
"K03689","Cytochrome b6-f complex subunit 8","Photosynthesis","Energy metabolism"
"K03692","Glucosylglycerol-phosphate synthase","Enzymes with EC numbers","Unclassified: metabolism"
"K03693","Penicillin-binding protein 1B","Peptidoglycan biosynthesis","Glycan biosynthesis and metabolism"
"K03707","Thiaminase (transcriptional activator TenA)","Thiamine metabolism","Metabolism of cofactors and vitamins"
"K03715","1,2-diacylglycerol 3-beta-galactosyltransferase","Glycerolipid metabolism","Lipid metabolism"
"K03735","Ethanolamine ammonia-lyase large subunit","Glycerophospholipid metabolism","Lipid metabolism"
"K03736","Ethanolamine ammonia-lyase small subunit","Glycerophospholipid metabolism","Lipid metabolism"
"K03737","Pyruvate-ferredoxin/flavodoxin oxidoreductase","Glycolysis / Gluconeogenesis","Carbohydrate metabolism"
"K03738","Aldehyde:ferredoxin oxidoreductase","Pentose phosphate pathway","Carbohydrate metabolism"
"K03750","Molybdopterin molybdotransferase","Folate biosynthesis","Metabolism of cofactors and vitamins"
"K03752","Molybdenum cofactor guanylyltransferase","Folate biosynthesis","Metabolism of cofactors and vitamins"
"K03760","Lipid A ethanolaminephosphotransferase","Lipopolysaccharide biosynthesis","Glycan biosynthesis and metabolism"
"K03777","D-lactate dehydrogenase (quinone)","Pyruvate metabolism","Carbohydrate metabolism"
"K03778","D-lactate dehydrogenase","Pyruvate metabolism","Carbohydrate metabolism"
"K03779","L(+)-tartrate dehydratase alpha subunit","Glyoxylate and dicarboxylate metabolism","Carbohydrate metabolism"
"K03780","L(+)-tartrate dehydratase beta subunit","Glyoxylate and dicarboxylate metabolism","Carbohydrate metabolism"
"K03781","Catalase","Glyoxylate and dicarboxylate metabolism","Carbohydrate metabolism"
"K03782","Catalase-peroxidase","Phenylalanine metabolism","Amino acid metabolism"
"K03785","3-dehydroquinate dehydratase I","Phenylalanine, tyrosine and tryptophan biosynthesis","Amino acid metabolism"
"K03786","3-dehydroquinate dehydratase II","Phenylalanine, tyrosine and tryptophan biosynthesis","Amino acid metabolism"
"K03788","Acid phosphatase (class B)","Riboflavin metabolism","Metabolism of cofactors and vitamins"
"K03794","Sirohydrochlorin ferrochelatase","Porphyrin and chlorophyll metabolism","Metabolism of cofactors and vitamins"
"K03795","Sirohydrochlorin cobaltochelatase","Porphyrin and chlorophyll metabolism","Metabolism of cofactors and vitamins"
"K03800","Lipoate---protein ligase","Lipoic acid metabolism","Metabolism of cofactors and vitamins"
"K03801","Lipoyl(octanoyl) transferase","Lipoic acid metabolism","Metabolism of cofactors and vitamins"
"K03809","NAD(P)H dehydrogenase (quinone)","Ubiquinone and other terpenoid-quinone biosynthesis","Metabolism of cofactors and vitamins"
"K03821","Polyhydroxyalkanoate synthase subunit PhaC","Butanoate metabolism","Carbohydrate metabolism"
"K03831","Molybdopterin adenylyltransferase","Folate biosynthesis","Metabolism of cofactors and vitamins"
"K03841","Fructose-1,6-bisphosphatase I","Glycolysis / Gluconeogenesis","Carbohydrate metabolism"
"K03850","Alpha-1,2-glucosyltransferase","N-Glycan biosynthesis","Glycan biosynthesis and metabolism"
"K03851","Taurine-pyruvate aminotransferase","Taurine and hypotaurine metabolism","Metabolism of other amino acids"
"K03852","Sulfoacetaldehyde acetyltransferase","Taurine and hypotaurine metabolism","Metabolism of other amino acids"
"K03856","3-deoxy-7-phosphoheptulonate synthase","Phenylalanine, tyrosine and tryptophan biosynthesis","Amino acid metabolism"
"K03886","Menaquinol-cytochrome c reductase iron-sulfur subunit","Oxidative phosphorylation","Energy metabolism"
"K03887","Menaquinol-cytochrome c reductase cytochrome b subunit","Oxidative phosphorylation","Energy metabolism"
"K03888","Menaquinol-cytochrome c reductase cytochrome b/c subunit","Oxidative phosphorylation","Energy metabolism"
"K03889","Ubiquinol-cytochrome c reductase cytochrome c subunit","Oxidative phosphorylation","Energy metabolism"
"K03890","Ubiquinol-cytochrome c reductase iron-sulfur subunit","Oxidative phosphorylation","Energy metabolism"
"K03891","Ubiquinol-cytochrome c reductase cytochrome b subunit","Oxidative phosphorylation","Energy metabolism"
"K03894","N2-citryl-N6-acetyl-N6-hydroxylysine synthase","Biosynthesis of various secondary metabolites - part 3","Biosynthesis of other secondary metabolites"
"K03895","Aerobactin synthase","Biosynthesis of various secondary metabolites - part 3","Biosynthesis of other secondary metabolites"
"K03896","Acetyl CoA:N6-hydroxylysine acetyl transferase","Biosynthesis of various secondary metabolites - part 3","Biosynthesis of other secondary metabolites"
"K03897","Lysine N6-hydroxylase","Biosynthesis of various secondary metabolites - part 3","Biosynthesis of other secondary metabolites"
"K03921","Acyl-[acyl-carrier-protein] desaturase","Fatty acid biosynthesis","Lipid metabolism"
"K03922","Acyl-[acyl-carrier-protein] desaturase","Fatty acid biosynthesis","Lipid metabolism"
"K03940","NADH dehydrogenase (ubiquinone) Fe-S protein 7","Oxidative phosphorylation","Energy metabolism"
"K03941","NADH dehydrogenase (ubiquinone) Fe-S protein 8","Oxidative phosphorylation","Energy metabolism"
"K03943","NADH dehydrogenase (ubiquinone) flavoprotein 2","Oxidative phosphorylation","Energy metabolism"
"K04019","Ethanolamine utilization protein EutA","Glycerophospholipid metabolism","Lipid metabolism"
"K04020","Phosphotransacetylase","Pyruvate metabolism","Carbohydrate metabolism"
"K04021","Aldehyde dehydrogenase","Pyruvate metabolism","Carbohydrate metabolism"
"K04022","Alcohol dehydrogenase","Glycolysis / Gluconeogenesis","Carbohydrate metabolism"
"K04032","Ethanolamine utilization cobalamin adenosyltransferase","Porphyrin and chlorophyll metabolism","Metabolism of cofactors and vitamins"
"K04034","Anaerobic magnesium-protoporphyrin IX monomethyl ester cyclase","Porphyrin and chlorophyll metabolism","Metabolism of cofactors and vitamins"
"K04035","Magnesium-protoporphyrin IX monomethyl ester (oxidative) cyclase","Porphyrin and chlorophyll metabolism","Metabolism of cofactors and vitamins"
"K04036","Divinyl protochlorophyllide a 8-vinyl-reductase","Porphyrin and chlorophyll metabolism","Metabolism of cofactors and vitamins"
"K04037","Light-independent protochlorophyllide reductase subunit L","Porphyrin and chlorophyll metabolism","Metabolism of cofactors and vitamins"
"K04038","Light-independent protochlorophyllide reductase subunit N","Porphyrin and chlorophyll metabolism","Metabolism of cofactors and vitamins"
"K04039","Light-independent protochlorophyllide reductase subunit B","Porphyrin and chlorophyll metabolism","Metabolism of cofactors and vitamins"
"K04040","Chlorophyll/bacteriochlorophyll a synthase","Porphyrin and chlorophyll metabolism","Metabolism of cofactors and vitamins"
"K04041","Fructose-1,6-bisphosphatase III","Glycolysis / Gluconeogenesis","Carbohydrate metabolism"
"K04042","Bifunctional UDP-N-acetylglucosamine pyrophosphorylase / glucosamine-1-phosphate N-acetyltransferase","Amino sugar and nucleotide sugar metabolism","Carbohydrate metabolism"
"K04072","Acetaldehyde dehydrogenase / alcohol dehydrogenase","Glycolysis / Gluconeogenesis","Carbohydrate metabolism"
"K04073","Acetaldehyde dehydrogenase","Pyruvate metabolism","Carbohydrate metabolism"
"K04091","Alkanesulfonate monooxygenase","Sulfur metabolism","Energy metabolism"
"K04092","Chorismate mutase","Phenylalanine, tyrosine and tryptophan biosynthesis","Amino acid metabolism"
"K04093","Chorismate mutase","Phenylalanine, tyrosine and tryptophan biosynthesis","Amino acid metabolism"
"K04097","Prostaglandin-H2 D-isomerase / glutathione transferase","Arachidonic acid metabolism","Lipid metabolism"
"K04098","Hydroxyquinol 1,2-dioxygenase","Benzoate degradation","Xenobiotics biodegradation and metabolism"
"K04100","Protocatechuate 4,5-dioxygenase, alpha chain","Benzoate degradation","Xenobiotics biodegradation and metabolism"
"K04101","Protocatechuate 4,5-dioxygenase, beta chain","Benzoate degradation","Xenobiotics biodegradation and metabolism"
"K04102","4,5-dihydroxyphthalate decarboxylase","Polycyclic aromatic hydrocarbon degradation","Xenobiotics biodegradation and metabolism"
"K04103","Indolepyruvate decarboxylase","Tryptophan metabolism","Amino acid metabolism"
"K04105","4-hydroxybenzoate-CoA ligase","Benzoate degradation","Xenobiotics biodegradation and metabolism"
"K04107","4-hydroxybenzoyl-CoA reductase subunit gamma","Benzoate degradation","Xenobiotics biodegradation and metabolism"
"K04108","4-hydroxybenzoyl-CoA reductase subunit alpha","Benzoate degradation","Xenobiotics biodegradation and metabolism"
"K04109","4-hydroxybenzoyl-CoA reductase subunit beta","Benzoate degradation","Xenobiotics biodegradation and metabolism"
"K04110","Benzoate-CoA ligase","Benzoate degradation","Xenobiotics biodegradation and metabolism"
"K04112","Benzoyl-CoA reductase subunit C","Benzoate degradation","Xenobiotics biodegradation and metabolism"
"K04113","Benzoyl-CoA reductase subunit B","Benzoate degradation","Xenobiotics biodegradation and metabolism"
"K04114","Benzoyl-CoA reductase subunit A","Benzoate degradation","Xenobiotics biodegradation and metabolism"
"K04115","Benzoyl-CoA reductase subunit D","Benzoate degradation","Xenobiotics biodegradation and metabolism"
"K04116","Cyclohexanecarboxylate-CoA ligase","Benzoate degradation","Xenobiotics biodegradation and metabolism"
"K04117","Cyclohexanecarboxyl-CoA dehydrogenase","Benzoate degradation","Xenobiotics biodegradation and metabolism"
"K04118","Pimeloyl-CoA dehydrogenase","Benzoate degradation","Xenobiotics biodegradation and metabolism"
"K04126","Isopenicillin-N synthase","Penicillin and cephalosporin biosynthesis","Biosynthesis of other secondary metabolites"
"K04127","Isopenicillin-N epimerase","Penicillin and cephalosporin biosynthesis","Biosynthesis of other secondary metabolites"
"K04128","Hydroxymethyl cephem carbamoyltransferase","Penicillin and cephalosporin biosynthesis","Biosynthesis of other secondary metabolites"
"K04341","DTDP-dihydrostreptose-streptidine-6-phosphate dihydrostreptosyltransferase","Streptomycin biosynthesis","Biosynthesis of other secondary metabolites"
"K04342","Streptomycin-6-phosphatase","Streptomycin biosynthesis","Biosynthesis of other secondary metabolites"
"K04478","Monofunctional glycosyltransferase","Peptidoglycan biosynthesis","Glycan biosynthesis and metabolism"
"K04480","Methanol---5-hydroxybenzimidazolylcobamide Co-methyltransferase","Methane metabolism","Energy metabolism"
"K04486","Histidinol-phosphatase (PHP family)","Histidine metabolism","Amino acid metabolism"
"K04487","Cysteine desulfurase","Thiamine metabolism","Metabolism of cofactors and vitamins"
"K04516","Chorismate mutase","Phenylalanine, tyrosine and tryptophan biosynthesis","Amino acid metabolism"
"K04517","Prephenate dehydrogenase","Phenylalanine, tyrosine and tryptophan biosynthesis","Amino acid metabolism"
"K04518","Prephenate dehydratase","Phenylalanine, tyrosine and tryptophan biosynthesis","Amino acid metabolism"
"K04561","Nitric oxide reductase subunit B","Nitrogen metabolism","Energy metabolism"
"K04618","Galactose oxidase","Galactose metabolism","Carbohydrate metabolism"
"K04708","3-dehydrosphinganine reductase","Sphingolipid metabolism","Lipid metabolism"
"K04712","Sphingolipid 4-desaturase/C4-monooxygenase","Sphingolipid metabolism","Lipid metabolism"
"K04718","Sphingosine kinase","Sphingolipid metabolism","Lipid metabolism"
"K04719","5,6-dimethylbenzimidazole synthase","Riboflavin metabolism","Metabolism of cofactors and vitamins"
"K04835","Methylaspartate ammonia-lyase","Glyoxylate and dicarboxylate metabolism","Carbohydrate metabolism"
"K05275","Pyridoxine 4-dehydrogenase","Vitamin B6 metabolism","Metabolism of cofactors and vitamins"
"K05286","GPI mannosyltransferase 3","Glycosylphosphatidylinositol (GPI)-anchor biosynthesis","Glycan biosynthesis and metabolism"
"K05288","GPI ethanolamine phosphate transferase 3 subunit O","Glycosylphosphatidylinositol (GPI)-anchor biosynthesis","Glycan biosynthesis and metabolism"
"K05296","3(or 17)beta-hydroxysteroid dehydrogenase","Steroid hormone biosynthesis","Lipid metabolism"
"K05299","Formate dehydrogenase (NADP+) alpha subunit","Carbon fixation pathways in prokaryotes","Energy metabolism"
"K05301","Sulfite dehydrogenase (cytochrome) subunit A","Sulfur metabolism","Energy metabolism"
"K05304","Sialic acid synthase","Amino sugar and nucleotide sugar metabolism","Carbohydrate metabolism"
"K05305","Fucokinase","Fructose and mannose metabolism","Carbohydrate metabolism"
"K05306","Phosphonoacetaldehyde hydrolase","Phosphonate and phosphinate metabolism","Metabolism of other amino acids"
"K05307","Thiamine-triphosphatase","Thiamine metabolism","Metabolism of cofactors and vitamins"
"K05308","Gluconate/galactonate dehydratase","Pentose phosphate pathway","Carbohydrate metabolism"
"K05309","Microsomal prostaglandin-E synthase 2","Arachidonic acid metabolism","Lipid metabolism"
"K05341","Amylosucrase","Starch and sucrose metabolism","Carbohydrate metabolism"
"K05342","Alpha,alpha-trehalose phosphorylase","Starch and sucrose metabolism","Carbohydrate metabolism"
"K05343","Maltose alpha-D-glucosyltransferase / alpha-amylase","Starch and sucrose metabolism","Carbohydrate metabolism"
"K05349","Beta-glucosidase","Starch and sucrose metabolism","Carbohydrate metabolism"
"K05350","Beta-glucosidase","Starch and sucrose metabolism","Carbohydrate metabolism"
"K05351","D-xylulose reductase","Pentose and glucuronate interconversions","Carbohydrate metabolism"
"K05352","Ribitol-5-phosphate 2-dehydrogenase (NADP+)","Pentose and glucuronate interconversions","Carbohydrate metabolism"
"K05358","Quinate dehydrogenase (quinone)","Phenylalanine, tyrosine and tryptophan biosynthesis","Amino acid metabolism"
"K05362","UDP-N-acetylmuramoyl-L-alanyl-D-glutamate-L-lysine ligase","Peptidoglycan biosynthesis","Glycan biosynthesis and metabolism"
"K05363","Serine/alanine adding enzyme","Peptidoglycan biosynthesis","Glycan biosynthesis and metabolism"
"K05366","Penicillin-binding protein 1A","Peptidoglycan biosynthesis","Glycan biosynthesis and metabolism"
"K05368","NAD(P)H-flavin reductase","Riboflavin metabolism","Metabolism of cofactors and vitamins"
"K05375","MbtH protein","Monobactam biosynthesis","Biosynthesis of other secondary metabolites"
"K05376","Phycoerythrin alpha chain","Photosynthesis - antenna proteins","Energy metabolism"
"K05377","Phycoerythrin beta chain","Photosynthesis - antenna proteins","Energy metabolism"
"K05378","Phycoerythrin-associated linker protein","Photosynthesis - antenna proteins","Energy metabolism"
"K05379","Phycoerythrin-associated linker protein","Photosynthesis - antenna proteins","Energy metabolism"
"K05380","Phycoerythrin-associated linker protein","Photosynthesis - antenna proteins","Energy metabolism"
"K05381","Phycoerythrin-associated linker protein","Photosynthesis - antenna proteins","Energy metabolism"
"K05382","Phycoerythrin-associated linker protein","Photosynthesis - antenna proteins","Energy metabolism"
"K05383","CpeT protein","Photosynthesis - antenna proteins","Energy metabolism"
"K05384","Bilin biosynthesis protein","Photosynthesis - antenna proteins","Energy metabolism"
"K05385","Bilin biosynthesis protein","Photosynthesis - antenna proteins","Energy metabolism"
"K05386","Bilin biosynthesis protein","Photosynthesis - antenna proteins","Energy metabolism"
"K05396","D-cysteine desulfhydrase","Cysteine and methionine metabolism","Amino acid metabolism"
"K05523","D-lactate dehydratase / protein deglycase","Pyruvate metabolism","Carbohydrate metabolism"
"K05526","Succinylglutamate desuccinylase","Arginine and proline metabolism","Amino acid metabolism"
"K05535","Alpha 1,2-mannosyltransferase","Various types of N-glycan biosynthesis","Glycan biosynthesis and metabolism"
"K05549","Benzoate/toluate 1,2-dioxygenase subunit alpha","Benzoate degradation","Xenobiotics biodegradation and metabolism"
"K05550","Benzoate/toluate 1,2-dioxygenase subunit beta","Benzoate degradation","Xenobiotics biodegradation and metabolism"
"K05551","Minimal PKS ketosynthase (KS/KS alpha)","Biosynthesis of type II polyketide backbone","Metabolism of terpenoids and polyketides"
"K05552","Minimal PKS chain-length factor (CLF/KS beta)","Biosynthesis of type II polyketide backbone","Metabolism of terpenoids and polyketides"
"K05553","Minimal PKS acyl carrier protein","Biosynthesis of type II polyketide backbone","Metabolism of terpenoids and polyketides"
"K05554","Aromatase","Biosynthesis of type II polyketide backbone","Metabolism of terpenoids and polyketides"
"K05555","Cyclase","Biosynthesis of type II polyketide products","Metabolism of terpenoids and polyketides"
"K05556","Ketoreductase RED1","Biosynthesis of type II polyketide products","Metabolism of terpenoids and polyketides"
"K05572","NAD(P)H-quinone oxidoreductase subunit 1","Oxidative phosphorylation","Energy metabolism"
"K05573","NAD(P)H-quinone oxidoreductase subunit 2","Oxidative phosphorylation","Energy metabolism"
"K05574","NAD(P)H-quinone oxidoreductase subunit 3","Oxidative phosphorylation","Energy metabolism"
"K05575","NAD(P)H-quinone oxidoreductase subunit 4","Oxidative phosphorylation","Energy metabolism"
"K05576","NAD(P)H-quinone oxidoreductase subunit 4L","Oxidative phosphorylation","Energy metabolism"
"K05577","NAD(P)H-quinone oxidoreductase subunit 5","Oxidative phosphorylation","Energy metabolism"
"K05578","NAD(P)H-quinone oxidoreductase subunit 6","Oxidative phosphorylation","Energy metabolism"
"K05579","NAD(P)H-quinone oxidoreductase subunit H","Oxidative phosphorylation","Energy metabolism"
"K05580","NAD(P)H-quinone oxidoreductase subunit I","Oxidative phosphorylation","Energy metabolism"
"K05581","NAD(P)H-quinone oxidoreductase subunit J","Oxidative phosphorylation","Energy metabolism"
"K05582","NAD(P)H-quinone oxidoreductase subunit K","Oxidative phosphorylation","Energy metabolism"
"K05583","NAD(P)H-quinone oxidoreductase subunit L","Oxidative phosphorylation","Energy metabolism"
"K05584","NAD(P)H-quinone oxidoreductase subunit M","Oxidative phosphorylation","Energy metabolism"
"K05585","NAD(P)H-quinone oxidoreductase subunit N","Oxidative phosphorylation","Energy metabolism"
"K05586","Bidirectional [NiFe] hydrogenase diaphorase subunit","Oxidative phosphorylation","Energy metabolism"
"K05587","Bidirectional [NiFe] hydrogenase diaphorase subunit","Oxidative phosphorylation","Energy metabolism"
"K05588","Bidirectional [NiFe] hydrogenase diaphorase subunit","Oxidative phosphorylation","Energy metabolism"
"K05597","Glutamin-(asparagin-)ase","Alanine, aspartate and glutamate metabolism","Amino acid metabolism"
"K05599","Anthranilate 1,2-dioxygenase (deaminating, decarboxylating) large subunit","Aminobenzoate degradation","Xenobiotics biodegradation and metabolism"
"K05600","Anthranilate 1,2-dioxygenase (deaminating, decarboxylating) small subunit","Aminobenzoate degradation","Xenobiotics biodegradation and metabolism"
"K05601","Hydroxylamine reductase","Nitrogen metabolism","Energy metabolism"
"K05602","Histidinol-phosphatase","Histidine metabolism","Amino acid metabolism"
"K05603","Formimidoylglutamate deiminase","Histidine metabolism","Amino acid metabolism"
"K05605","3-hydroxyisobutyryl-CoA hydrolase","Propanoate metabolism","Carbohydrate metabolism"
"K05606","Methylmalonyl-CoA/ethylmalonyl-CoA epimerase","Glyoxylate and dicarboxylate metabolism","Carbohydrate metabolism"
"K05708","3-phenylpropionate/trans-cinnamate dioxygenase subunit alpha","Phenylalanine metabolism","Amino acid metabolism"
"K05709","3-phenylpropionate/trans-cinnamate dioxygenase subunit beta","Phenylalanine metabolism","Amino acid metabolism"
"K05710","3-phenylpropionate/trans-cinnamate dioxygenase ferredoxin component","Phenylalanine metabolism","Amino acid metabolism"
"K05711","2,3-dihydroxy-2,3-dihydrophenylpropionate dehydrogenase","Phenylalanine metabolism","Amino acid metabolism"
"K05712","3-(3-hydroxy-phenyl)propionate hydroxylase","Phenylalanine metabolism","Amino acid metabolism"
"K05713","2,3-dihydroxyphenylpropionate 1,2-dioxygenase","Phenylalanine metabolism","Amino acid metabolism"
"K05714","2-hydroxy-6-oxonona-2,4-dienedioate hydrolase","Phenylalanine metabolism","Amino acid metabolism"
"K05774","Ribose 1,5-bisphosphokinase","Pentose phosphate pathway","Carbohydrate metabolism"
"K05780","Alpha-D-ribose 1-methylphosphonate 5-triphosphate synthase subunit PhnL","Phosphonate and phosphinate metabolism","Metabolism of other amino acids"
"K05783","Dihydroxycyclohexadiene carboxylate dehydrogenase","Benzoate degradation","Xenobiotics biodegradation and metabolism"
"K05784","Benzoate/toluate 1,2-dioxygenase reductase component","Benzoate degradation","Xenobiotics biodegradation and metabolism"
"K05797","4-cresol dehydrogenase (hydroxylating) flavoprotein subunit","Toluene degradation","Xenobiotics biodegradation and metabolism"
"K05822","Tetrahydrodipicolinate N-acetyltransferase","Lysine biosynthesis","Amino acid metabolism"
"K05823","N-acetyldiaminopimelate deacetylase","Lysine biosynthesis","Amino acid metabolism"
"K05824","Homoisocitrate dehydrogenase","Lysine biosynthesis","Amino acid metabolism"
"K05825","2-aminoadipate transaminase","Lysine biosynthesis","Amino acid metabolism"
"K05827","[lysine-biosynthesis-protein LysW]---L-2-aminoadipate ligase","Lysine biosynthesis","Amino acid metabolism"
"K05828","[amino group carrier protein]-L-2-aminoadipate 6-kinase","Lysine biosynthesis","Amino acid metabolism"
"K05829","LysW-gamma-L-alpha-aminoadipyl-6-phosphate/LysW-L-glutamyl-5-phosphate reductase","Lysine biosynthesis","Amino acid metabolism"
"K05830","LysW-gamma-L-lysine/LysW-L-ornithine aminotransferase","Lysine biosynthesis","Amino acid metabolism"
"K05831","[amino group carrier protein]-lysine/ornithine hydrolase","Lysine biosynthesis","Amino acid metabolism"
"K05878","Phosphoenolpyruvate---glycerone phosphotransferase subunit DhaK","Glycerolipid metabolism","Lipid metabolism"
"K05879","Phosphoenolpyruvate---glycerone phosphotransferase subunit DhaL","Glycerolipid metabolism","Lipid metabolism"
"K05881","Phosphoenolpyruvate---glycerone phosphotransferase subunit DhaM","Glycerolipid metabolism","Lipid metabolism"
"K05884","L-2-hydroxycarboxylate dehydrogenase (NAD+)","Methane metabolism","Energy metabolism"
"K05887","Quinate/shikimate dehydrogenase","Phenylalanine, tyrosine and tryptophan biosynthesis","Amino acid metabolism"
"K05895","Precorrin-6A/cobalt-precorrin-6A reductase","Porphyrin and chlorophyll metabolism","Metabolism of cofactors and vitamins"
"K05898","3-oxosteroid 1-dehydrogenase","Steroid degradation","Xenobiotics biodegradation and metabolism"
"K05917","Sterol 14alpha-demethylase","Steroid biosynthesis","Lipid metabolism"
"K05921","5-oxopent-3-ene-1,2,5-tricarboxylate decarboxylase / 2-hydroxyhepta-2,4-diene-1,7-dioate isomerase","Tyrosine metabolism","Amino acid metabolism"
"K05928","Tocopherol O-methyltransferase","Ubiquinone and other terpenoid-quinone biosynthesis","Metabolism of cofactors and vitamins"
"K05934","Precorrin-3B C17-methyltransferase / cobalt-factor III methyltransferase","Porphyrin and chlorophyll metabolism","Metabolism of cofactors and vitamins"
"K05936","Precorrin-4/cobalt-precorrin-4 C11-methyltransferase","Porphyrin and chlorophyll metabolism","Metabolism of cofactors and vitamins"
"K05942","Citrate (Re)-synthase","Citrate cycle (TCA cycle)","Carbohydrate metabolism"
"K05947","Mannosyl-3-phosphoglycerate synthase","Fructose and mannose metabolism","Carbohydrate metabolism"
"K05973","Poly(3-hydroxybutyrate) depolymerase","Butanoate metabolism","Carbohydrate metabolism"
"K05979","2-phosphosulfolactate phosphatase","Methane metabolism","Energy metabolism"
"K06001","Tryptophan synthase beta chain","Glycine, serine and threonine metabolism","Amino acid metabolism"
"K06016","Beta-ureidopropionase / N-carbamoyl-L-amino-acid hydrolase","Pyrimidine metabolism","Nucleotide metabolism"
"K06034","Sulfopyruvate decarboxylase subunit alpha","Methane metabolism","Energy metabolism"
"K06041","Arabinose-5-phosphate isomerase","Lipopolysaccharide biosynthesis","Glycan biosynthesis and metabolism"
"K06042","Precorrin-8X/cobalt-precorrin-8 methylmutase","Porphyrin and chlorophyll metabolism","Metabolism of cofactors and vitamins"
"K06044","(1->4)-alpha-D-glucan 1-alpha-D-glucosylmutase","Starch and sucrose metabolism","Carbohydrate metabolism"
"K06048","Glutamate---cysteine ligase / carboxylate-amine ligase","Glutathione metabolism","Metabolism of other amino acids"
"K06117","Glycerol-1-phosphatase","Glycerolipid metabolism","Lipid metabolism"
"K06118","UDP-sulfoquinovose synthase","Amino sugar and nucleotide sugar metabolism","Carbohydrate metabolism"
"K06125","4-hydroxybenzoate polyprenyltransferase","Ubiquinone and other terpenoid-quinone biosynthesis","Metabolism of cofactors and vitamins"
"K06131","Cardiolipin synthase A/B","Glycerophospholipid metabolism","Lipid metabolism"
"K06132","Cardiolipin synthase C","Glycerophospholipid metabolism","Lipid metabolism"
"K06134","3-demethoxyubiquinol 3-hydroxylase","Ubiquinone and other terpenoid-quinone biosynthesis","Metabolism of cofactors and vitamins"
"K06151","Gluconate 2-dehydrogenase alpha chain","Pentose phosphate pathway","Carbohydrate metabolism"
"K06152","Gluconate 2-dehydrogenase gamma chain","Pentose phosphate pathway","Carbohydrate metabolism"
"K06162","Alpha-D-ribose 1-methylphosphonate 5-triphosphate diphosphatase","Phosphonate and phosphinate metabolism","Metabolism of other amino acids"
"K06163","Alpha-D-ribose 1-methylphosphonate 5-phosphate C-P lyase","Phosphonate and phosphinate metabolism","Metabolism of other amino acids"
"K06164","Alpha-D-ribose 1-methylphosphonate 5-triphosphate synthase subunit PhnI","Phosphonate and phosphinate metabolism","Metabolism of other amino acids"
"K06165","Alpha-D-ribose 1-methylphosphonate 5-triphosphate synthase subunit PhnH","Phosphonate and phosphinate metabolism","Metabolism of other amino acids"
"K06166","Alpha-D-ribose 1-methylphosphonate 5-triphosphate synthase subunit PhnG","Phosphonate and phosphinate metabolism","Metabolism of other amino acids"
"K06167","Phosphoribosyl 1,2-cyclic phosphate phosphodiesterase","Phosphonate and phosphinate metabolism","Metabolism of other amino acids"
"K06208","Chorismate mutase","Phenylalanine, tyrosine and tryptophan biosynthesis","Amino acid metabolism"
"K06209","Chorismate mutase","Phenylalanine, tyrosine and tryptophan biosynthesis","Amino acid metabolism"
"K06211","HTH-type transcriptional regulator, transcriptional repressor of NAD biosynthesis genes","Nicotinate and nicotinamide metabolism","Metabolism of cofactors and vitamins"
"K06443","Lycopene beta-cyclase","Carotenoid biosynthesis","Metabolism of terpenoids and polyketides"
"K06444","Lycopene epsilon-cyclase","Carotenoid biosynthesis","Metabolism of terpenoids and polyketides"
"K06445","Acyl-CoA dehydrogenase","Fatty acid degradation","Lipid metabolism"
"K06446","Acyl-CoA dehydrogenase","Caprolactam degradation","Xenobiotics biodegradation and metabolism"
"K06447","Succinylglutamic semialdehyde dehydrogenase","Arginine and proline metabolism","Amino acid metabolism"
"K06606","2-keto-myo-inositol isomerase","Inositol phosphate metabolism","Carbohydrate metabolism"
"K06718","L-2,4-diaminobutyric acid acetyltransferase","Glycine, serine and threonine metabolism","Amino acid metabolism"
"K06720","L-ectoine synthase","Glycine, serine and threonine metabolism","Amino acid metabolism"
"K06859","Glucose-6-phosphate isomerase, archaeal","Glycolysis / Gluconeogenesis","Carbohydrate metabolism"
"K06863","5-formaminoimidazole-4-carboxamide-1-(beta)-D-ribofuranosyl 5'-monophosphate synthetase","Purine metabolism","Nucleotide metabolism"
"K06879","7-cyano-7-deazaguanine reductase","Folate biosynthesis","Metabolism of cofactors and vitamins"
"K06881","Bifunctional oligoribonuclease and PAP phosphatase NrnA","Sulfur metabolism","Energy metabolism"
"K06896","Maltose 6'-phosphate phosphatase","Starch and sucrose metabolism","Carbohydrate metabolism"
"K06914","Tyramine---L-glutamate ligase","Methane metabolism","Energy metabolism"
"K06920","7-cyano-7-deazaguanine synthase","Folate biosynthesis","Metabolism of cofactors and vitamins"
"K06949","Ribosome biogenesis GTPase / thiamine phosphate phosphatase","Thiamine metabolism","Metabolism of cofactors and vitamins"
"K06981","Isopentenyl phosphate kinase","Terpenoid backbone biosynthesis","Metabolism of terpenoids and polyketides"
"K06982","Pantoate kinase","Pantothenate and CoA biosynthesis","Metabolism of cofactors and vitamins"
"K06989","Aspartate dehydrogenase","Nicotinate and nicotinamide metabolism","Metabolism of cofactors and vitamins"
"K06998","Trans-2,3-dihydro-3-hydroxyanthranilate isomerase","Phenazine biosynthesis","Biosynthesis of other secondary metabolites"
"K07008","Gamma-glutamyl hercynylcysteine S-oxide hydrolase","Histidine metabolism","Amino acid metabolism"
"K07009","Lipid II isoglutaminyl synthase (glutamine-hydrolysing)","Peptidoglycan biosynthesis","Glycan biosynthesis and metabolism"
"K07026","Mannosyl-3-phosphoglycerate phosphatase","Fructose and mannose metabolism","Carbohydrate metabolism"
"K07029","Diacylglycerol kinase (ATP)","Glycerolipid metabolism","Lipid metabolism"
"K07046","L-fuconolactonase","Fructose and mannose metabolism","Carbohydrate metabolism"
"K07072","(4-(4-[2-(gamma-L-glutamylamino)ethyl]phenoxymethyl)furan-2-yl)methanamine synthase","Methane metabolism","Energy metabolism"
"K07102","N-acetylmuramate 1-kinase","Amino sugar and nucleotide sugar metabolism","Carbohydrate metabolism"
"K07104","Catechol 2,3-dioxygenase","Benzoate degradation","Xenobiotics biodegradation and metabolism"
"K07106","N-acetylmuramic acid 6-phosphate etherase","Amino sugar and nucleotide sugar metabolism","Carbohydrate metabolism"
"K07130","Arylformamidase","Glyoxylate and dicarboxylate metabolism","Carbohydrate metabolism"
"K07144","5-(aminomethyl)-3-furanmethanol phosphate kinase","Methane metabolism","Energy metabolism"
"K07151","Dolichyl-diphosphooligosaccharide---protein glycosyltransferase","N-Glycan biosynthesis","Glycan biosynthesis and metabolism"
"K07160","5-oxoprolinase (ATP-hydrolysing) subunit A","Glutathione metabolism","Metabolism of other amino acids"
"K07173","S-ribosylhomocysteine lyase","Cysteine and methionine metabolism","Amino acid metabolism"
"K07232","Glutathione-specific gamma-glutamylcyclotransferase","Glutathione metabolism","Metabolism of other amino acids"
"K07246","Tartrate dehydrogenase/decarboxylase / D-malate dehydrogenase","Glyoxylate and dicarboxylate metabolism","Carbohydrate metabolism"
"K07248","Lactaldehyde dehydrogenase / glycolaldehyde dehydrogenase","Pyruvate metabolism","Carbohydrate metabolism"
"K07250","4-aminobutyrate aminotransferase / (S)-3-amino-2-methylpropionate transaminase / 5-aminovalerate transaminase","Propanoate metabolism","Carbohydrate metabolism"
"K07251","Thiamine kinase","Thiamine metabolism","Metabolism of cofactors and vitamins"
"K07255","Taurine dehydrogenase small subunit","Taurine and hypotaurine metabolism","Metabolism of other amino acids"
"K07256","Taurine dehydrogenase large subunit","Taurine and hypotaurine metabolism","Metabolism of other amino acids"
"K07258","Serine-type D-Ala-D-Ala carboxypeptidase (penicillin-binding protein 5/6)","Peptidoglycan biosynthesis","Glycan biosynthesis and metabolism"
"K07260","Zinc D-Ala-D-Ala carboxypeptidase","Peptidoglycan biosynthesis","Glycan biosynthesis and metabolism"
"K07306","Anaerobic dimethyl sulfoxide reductase subunit A","Sulfur metabolism","Energy metabolism"
"K07307","Anaerobic dimethyl sulfoxide reductase subunit B","Sulfur metabolism","Energy metabolism"
"K07308","Anaerobic dimethyl sulfoxide reductase subunit C","Sulfur metabolism","Energy metabolism"
"K07404","6-phosphogluconolactonase","Pentose phosphate pathway","Carbohydrate metabolism"
"K07405","Alpha-amylase","Starch and sucrose metabolism","Carbohydrate metabolism"
"K07406","Alpha-galactosidase","Galactose metabolism","Carbohydrate metabolism"
"K07407","Alpha-galactosidase","Galactose metabolism","Carbohydrate metabolism"
"K07441","Beta-1,4-N-acetylglucosaminyltransferase","N-Glycan biosynthesis","Glycan biosynthesis and metabolism"
"K07508","Acetyl-CoA acyltransferase 2","Fatty acid elongation","Lipid metabolism"
"K07509","Acetyl-CoA acyltransferase","Fatty acid elongation","Lipid metabolism"
"K07516","3-hydroxyacyl-CoA dehydrogenase","Butanoate metabolism","Carbohydrate metabolism"
"K07518","Hydroxybutyrate-dimer hydrolase","Butanoate metabolism","Carbohydrate metabolism"
"K07534","Cyclohex-1-ene-1-carboxyl-CoA hydratase","Benzoate degradation","Xenobiotics biodegradation and metabolism"
"K07535","2-hydroxycyclohexanecarboxyl-CoA dehydrogenase","Benzoate degradation","Xenobiotics biodegradation and metabolism"
"K07536","2-ketocyclohexanecarboxyl-CoA hydrolase","Benzoate degradation","Xenobiotics biodegradation and metabolism"
"K07537","Cyclohexa-1,5-dienecarbonyl-CoA hydratase","Benzoate degradation","Xenobiotics biodegradation and metabolism"
"K07538","6-hydroxycyclohex-1-ene-1-carbonyl-CoA dehydrogenase","Benzoate degradation","Xenobiotics biodegradation and metabolism"
"K07539","6-oxocyclohex-1-ene-carbonyl-CoA hydrolase","Benzoate degradation","Xenobiotics biodegradation and metabolism"
"K07540","Benzylsuccinate synthase","Toluene degradation","Xenobiotics biodegradation and metabolism"
"K07543","Benzylsuccinate CoA-transferase BbsE subunit","Toluene degradation","Xenobiotics biodegradation and metabolism"
"K07544","Benzylsuccinate CoA-transferase BbsF subunit","Toluene degradation","Xenobiotics biodegradation and metabolism"
"K07545","(R)-benzylsuccinyl-CoA dehydrogenase","Toluene degradation","Xenobiotics biodegradation and metabolism"
"K07546","E-phenylitaconyl-CoA hydratase","Toluene degradation","Xenobiotics biodegradation and metabolism"
"K07547","2-[hydroxy(phenyl)methyl]-succinyl-CoA dehydrogenase BbsC subunit","Toluene degradation","Xenobiotics biodegradation and metabolism"
"K07548","2-[hydroxy(phenyl)methyl]-succinyl-CoA dehydrogenase BbsD subunit","Toluene degradation","Xenobiotics biodegradation and metabolism"
"K07549","Benzoylsuccinyl-CoA thiolase BbsA subunit","Toluene degradation","Xenobiotics biodegradation and metabolism"
"K07550","Benzoylsuccinyl-CoA thiolase BbsB subunit","Toluene degradation","Xenobiotics biodegradation and metabolism"
"K07732","Riboflavin kinase, archaea type","Riboflavin metabolism","Metabolism of cofactors and vitamins"
"K07751","PepB aminopeptidase","Glutathione metabolism","Metabolism of other amino acids"
"K07806","UDP-4-amino-4-deoxy-L-arabinose-oxoglutarate aminotransferase","Amino sugar and nucleotide sugar metabolism","Carbohydrate metabolism"
"K07811","Trimethylamine-N-oxide reductase (cytochrome c)","Methane metabolism","Energy metabolism"
"K07812","Trimethylamine-N-oxide reductase (cytochrome c)","Methane metabolism","Energy metabolism"
"K07821","Trimethylamine-N-oxide reductase (cytochrome c), cytochrome c-type subunit TorY","Methane metabolism","Energy metabolism"
"K07824","Benzoate 4-monooxygenase","Benzoate degradation","Xenobiotics biodegradation and metabolism"
"K07964","Heparanase","Glycosaminoglycan degradation","Glycan biosynthesis and metabolism"
"K08081","Tropinone reductase I","Tropane, piperidine and pyridine alkaloid biosynthesis","Biosynthesis of other secondary metabolites"
"K08088","Fimbrial regulator","Transcription factors","Protein families: genetic information processing"
"K08092","3-dehydro-L-gulonate 2-dehydrogenase","Pentose and glucuronate interconversions","Carbohydrate metabolism"
"K08093","3-hexulose-6-phosphate synthase","Pentose phosphate pathway","Carbohydrate metabolism"
"K08094","6-phospho-3-hexuloisomerase","Pentose phosphate pathway","Carbohydrate metabolism"
"K08096","GTP cyclohydrolase IIa","Riboflavin metabolism","Metabolism of cofactors and vitamins"
"K08097","Phosphosulfolactate synthase","Methane metabolism","Energy metabolism"
"K08246","Cycloeucalenol cycloisomerase","Steroid biosynthesis","Lipid metabolism"
"K08256","Phosphatidyl-myo-inositol alpha-mannosyltransferase","Lipoarabinomannan (LAM) biosynthesis","Glycan biosynthesis and metabolism"
"K08260","Adenosylcobinamide hydrolase","Porphyrin and chlorophyll metabolism","Metabolism of cofactors and vitamins"
"K08261","D-sorbitol dehydrogenase (acceptor)","Fructose and mannose metabolism","Carbohydrate metabolism"
"K08264","Heterodisulfide reductase subunit D","Methane metabolism","Energy metabolism"
"K08265","Heterodisulfide reductase subunit E","Methane metabolism","Energy metabolism"
"K08281","Nicotinamidase/pyrazinamidase","Nicotinate and nicotinamide metabolism","Metabolism of cofactors and vitamins"
"K08289","Phosphoribosylglycinamide formyltransferase 2","Purine metabolism","Nucleotide metabolism"
"K08302","Tagatose 1,6-diphosphate aldolase GatY/KbaY","Galactose metabolism","Carbohydrate metabolism"
"K08310","Dihydroneopterin triphosphate diphosphatase","Folate biosynthesis","Metabolism of cofactors and vitamins"
"K08318","4-hydroxybutyrate dehydrogenase / sulfolactaldehyde 3-reductase","Butanoate metabolism","Carbohydrate metabolism"
"K08322","L-gulonate 5-dehydrogenase","Pentose and glucuronate interconversions","Carbohydrate metabolism"
"K08323","Mannonate dehydratase","Pentose and glucuronate interconversions","Carbohydrate metabolism"
"K08324","Succinate-semialdehyde dehydrogenase","Butanoate metabolism","Carbohydrate metabolism"
"K08325","NADP-dependent alcohol dehydrogenase","Propanoate metabolism","Carbohydrate metabolism"
"K08351","Biotin/methionine sulfoxide reductase","Biotin metabolism","Metabolism of cofactors and vitamins"
"K08352","Thiosulfate reductase / polysulfide reductase chain A","Sulfur metabolism","Energy metabolism"
"K08353","Thiosulfate reductase electron transport protein","Sulfur metabolism","Energy metabolism"
"K08354","Thiosulfate reductase cytochrome b subunit","Sulfur metabolism","Energy metabolism"
"K08357","Tetrathionate reductase subunit A","Sulfur metabolism","Energy metabolism"
"K08358","Tetrathionate reductase subunit B","Sulfur metabolism","Energy metabolism"
"K08359","Tetrathionate reductase subunit C","Sulfur metabolism","Energy metabolism"
"K08591","Acyl phosphate:glycerol-3-phosphate acyltransferase","Glycerolipid metabolism","Lipid metabolism"
"K08678","UDP-glucuronate decarboxylase","Amino sugar and nucleotide sugar metabolism","Carbohydrate metabolism"
"K08679","UDP-glucuronate 4-epimerase","Ascorbate and aldarate metabolism","Carbohydrate metabolism"
"K08680","2-succinyl-6-hydroxy-2,4-cyclohexadiene-1-carboxylate synthase","Ubiquinone and other terpenoid-quinone biosynthesis","Metabolism of cofactors and vitamins"
"K08685","Quinohemoprotein amine dehydrogenase","Methane metabolism","Energy metabolism"
"K08687","N-carbamoylsarcosine amidase","Arginine and proline metabolism","Amino acid metabolism"
"K08688","Creatinase","Glycine, serine and threonine metabolism","Amino acid metabolism"
"K08689","Biphenyl 2,3-dioxygenase subunit alpha","Dioxin degradation","Xenobiotics biodegradation and metabolism"
"K08690","Cis-2,3-dihydrobiphenyl-2,3-diol dehydrogenase","Dioxin degradation","Xenobiotics biodegradation and metabolism"
"K08691","Malyl-CoA/(S)-citramalyl-CoA lyase","Glyoxylate and dicarboxylate metabolism","Carbohydrate metabolism"
"K08692","Malate-CoA ligase subunit alpha","Glyoxylate and dicarboxylate metabolism","Carbohydrate metabolism"
"K08710","N-isopropylammelide isopropylaminohydrolase","Atrazine degradation","Xenobiotics biodegradation and metabolism"
"K08744","Cardiolipin synthase (CMP-forming)","Glycerophospholipid metabolism","Lipid metabolism"
"K08764","Sterol carrier protein 2","Primary bile acid biosynthesis","Lipid metabolism"
"K08963","Methylthioribose-1-phosphate isomerase","Cysteine and methionine metabolism","Amino acid metabolism"
"K08964","Methylthioribulose-1-phosphate dehydratase","Cysteine and methionine metabolism","Amino acid metabolism"
"K08965","2,3-diketo-5-methylthiopentyl-1-phosphate enolase","Cysteine and methionine metabolism","Amino acid metabolism"
"K08966","2-hydroxy-3-keto-5-methylthiopentenyl-1-phosphate phosphatase","Cysteine and methionine metabolism","Amino acid metabolism"
"K08967","1,2-dihydroxy-3-keto-5-methylthiopentene dioxygenase","Cysteine and methionine metabolism","Amino acid metabolism"
"K08969","L-glutamine---4-(methylsulfanyl)-2-oxobutanoate aminotransferase","Cysteine and methionine metabolism","Amino acid metabolism"
"K09007","GTP cyclohydrolase IB","Folate biosynthesis","Metabolism of cofactors and vitamins"
"K09011","(R)-citramalate synthase","C5-Branched dibasic acid metabolism","Carbohydrate metabolism"
"K09019","3-hydroxypropanoate dehydrogenase","Pyrimidine metabolism","Nucleotide metabolism"
"K09020","Ureidoacrylate peracid hydrolase","Pyrimidine metabolism","Nucleotide metabolism"
"K09021","Aminoacrylate peracid reductase","Pyrimidine metabolism","Nucleotide metabolism"
"K09023","Aminoacrylate hydrolase","Pyrimidine metabolism","Nucleotide metabolism"
"K09065","N-acetylornithine carbamoyltransferase","Arginine biosynthesis","Amino acid metabolism"
"K09251","Putrescine aminotransferase","Lysine degradation","Amino acid metabolism"
"K09457","7-cyano-7-deazaguanine reductase","Folate biosynthesis","Metabolism of cofactors and vitamins"
"K09458","3-oxoacyl-[acyl-carrier-protein] synthase II","Fatty acid biosynthesis","Lipid metabolism"
"K09459","Phosphonopyruvate decarboxylase","Phosphonate and phosphinate metabolism","Metabolism of other amino acids"
"K09470","Gamma-glutamylputrescine synthase","Arginine and proline metabolism","Amino acid metabolism"
"K09471","Gamma-glutamylputrescine oxidase","Arginine and proline metabolism","Amino acid metabolism"
"K09472","4-(gamma-glutamylamino)butanal dehydrogenase","Arginine and proline metabolism","Amino acid metabolism"
"K09473","Gamma-glutamyl-gamma-aminobutyrate hydrolase","Arginine and proline metabolism","Amino acid metabolism"
"K09474","Acid phosphatase (class A)","Riboflavin metabolism","Metabolism of cofactors and vitamins"
"K09478","Short-chain 2-methylacyl-CoA dehydrogenase","Fatty acid degradation","Lipid metabolism"
"K09482","Glutamyl-tRNA(Gln) amidotransferase subunit D","Aminoacyl-tRNA biosynthesis","Translation"
"K09483","3-dehydroshikimate dehydratase","Biosynthesis of siderophore group nonribosomal peptides","Metabolism of terpenoids and polyketides"
"K09673","Carbohydrate 4-sulfotransferase 9","Various types of N-glycan biosynthesis","Glycan biosynthesis and metabolism"
"K09680","Type II pantothenate kinase","Pantothenate and CoA biosynthesis","Metabolism of cofactors and vitamins"
"K09698","Nondiscriminating glutamyl-tRNA synthetase","Aminoacyl-tRNA biosynthesis","Translation"
"K09699","2-oxoisovalerate dehydrogenase E2 component (dihydrolipoyl transacylase)","Propanoate metabolism","Carbohydrate metabolism"
"K09709","3-methylfumaryl-CoA hydratase","Carbon fixation pathways in prokaryotes","Energy metabolism"
"K09722","4-phosphopantoate---beta-alanine ligase","beta-Alanine metabolism","Metabolism of other amino acids"
"K09733","(5-formylfuran-3-yl)methyl phosphate synthase","Methane metabolism","Energy metabolism"
"K09758","Aspartate 4-decarboxylase","Alanine, aspartate and glutamate metabolism","Amino acid metabolism"
"K09778","Kdo2-lipid IVA 3' secondary acyltransferase","Lipopolysaccharide biosynthesis","Glycan biosynthesis and metabolism"
"K09788","2-methylaconitate isomerase","Propanoate metabolism","Carbohydrate metabolism"
"K09789","Pimeloyl-[acyl-carrier protein] methyl ester esterase","Biotin metabolism","Metabolism of cofactors and vitamins"
"K09828","Delta24-sterol reductase","Steroid biosynthesis","Lipid metabolism"
"K09829","C-8 sterol isomerase","Steroid biosynthesis","Lipid metabolism"
"K09833","Homogentisate phytyltransferase / homogentisate geranylgeranyltransferase","Ubiquinone and other terpenoid-quinone biosynthesis","Metabolism of cofactors and vitamins"
"K09834","Tocopherol cyclase","Ubiquinone and other terpenoid-quinone biosynthesis","Metabolism of cofactors and vitamins"
"K09835","Prolycopene isomerase","Carotenoid biosynthesis","Metabolism of terpenoids and polyketides"
"K09844","Carotenoid 1,2-hydratase","Carotenoid biosynthesis","Metabolism of terpenoids and polyketides"
"K09845","1-hydroxycarotenoid 3,4-desaturase","Carotenoid biosynthesis","Metabolism of terpenoids and polyketides"
"K09846","Demethylspheroidene O-methyltransferase","Carotenoid biosynthesis","Metabolism of terpenoids and polyketides"
"K09847","Spheroidene monooxygenase","Carotenoid biosynthesis","Metabolism of terpenoids and polyketides"
"K09880","Enolase-phosphatase E1","Cysteine and methionine metabolism","Amino acid metabolism"
"K09882","Cobaltochelatase CobS","Porphyrin and chlorophyll metabolism","Metabolism of cofactors and vitamins"
"K09883","Cobaltochelatase CobT","Porphyrin and chlorophyll metabolism","Metabolism of cofactors and vitamins"
"K09953","Lipid A 3-O-deacylase","Lipopolysaccharide biosynthesis","Glycan biosynthesis and metabolism"
"K10011","UDP-4-amino-4-deoxy-L-arabinose formyltransferase / UDP-glucuronic acid dehydrogenase (UDP-4-keto-hexauronic acid decarboxylating)","Amino sugar and nucleotide sugar metabolism","Carbohydrate metabolism"
"K10012","Undecaprenyl-phosphate 4-deoxy-4-formamido-L-arabinose transferase","Amino sugar and nucleotide sugar metabolism","Carbohydrate metabolism"
"K10026","7-carboxy-7-deazaguanine synthase","Folate biosynthesis","Metabolism of cofactors and vitamins"
"K10027","Phytoene desaturase","Carotenoid biosynthesis","Metabolism of terpenoids and polyketides"
"K10150","Cysteine synthase / O-phosphoserine sulfhydrylase / cystathionine beta-synthase","Sulfur metabolism","Energy metabolism"
"K10187","Germacradienol/geosmin synthase","Sesquiterpenoid and triterpenoid biosynthesis","Metabolism of terpenoids and polyketides"
"K10206","LL-diaminopimelate aminotransferase","Lysine biosynthesis","Amino acid metabolism"
"K10216","2-hydroxymuconate-semialdehyde hydrolase","Benzoate degradation","Xenobiotics biodegradation and metabolism"
"K10217","Aminomuconate-semialdehyde/2-hydroxymuconate-6-semialdehyde dehydrogenase","Tryptophan metabolism","Amino acid metabolism"
"K10218","4-hydroxy-4-methyl-2-oxoglutarate aldolase","C5-Branched dibasic acid metabolism","Carbohydrate metabolism"
"K10219","2-hydroxy-4-carboxymuconate semialdehyde hemiacetal dehydrogenase","Tyrosine metabolism","Amino acid metabolism"
"K10220","4-oxalmesaconate hydratase","Benzoate degradation","Xenobiotics biodegradation and metabolism"
"K10221","2-pyrone-4,6-dicarboxylate lactonase","Benzoate degradation","Xenobiotics biodegradation and metabolism"
"K10222","2,6-dioxo-6-phenylhexa-3-enoate hydrolase","Dioxin degradation","Xenobiotics biodegradation and metabolism"
"K10251","17beta-estradiol 17-dehydrogenase / very-long-chain 3-oxoacyl-CoA reductase","Fatty acid elongation","Lipid metabolism"
"K10535","Hydroxylamine dehydrogenase","Nitrogen metabolism","Energy metabolism"
"K10536","Agmatine deiminase","Arginine and proline metabolism","Amino acid metabolism"
"K10566","Phenylacetaldoxime dehydratase","Cyanoamino acid metabolism","Metabolism of other amino acids"
"K10616","P-cymene methyl-monooxygenase","Xylene degradation","Xenobiotics biodegradation and metabolism"
"K10617","P-cumic alcohol dehydrogenase","Xylene degradation","Xenobiotics biodegradation and metabolism"
"K10618","P-cumic aldehyde dehydrogenase","Xylene degradation","Xenobiotics biodegradation and metabolism"
"K10619","P-cumate 2,3-dioxygenase subunit alpha","Xylene degradation","Xenobiotics biodegradation and metabolism"
"K10620","2,3-dihydroxy-2,3-dihydro-p-cumate dehydrogenase","Xylene degradation","Xenobiotics biodegradation and metabolism"
"K10621","2,3-dihydroxy-p-cumate/2,3-dihydroxybenzoate 3,4-dioxygenase","Benzoate degradation","Xenobiotics biodegradation and metabolism"
"K10622","HCOMODA/2-hydroxy-3-carboxy-muconic semialdehyde decarboxylase","Benzoate degradation","Xenobiotics biodegradation and metabolism"
"K10623","HOMODA hydrolase","Xylene degradation","Xenobiotics biodegradation and metabolism"
"K10674","Ectoine hydroxylase","Glycine, serine and threonine metabolism","Amino acid metabolism"
"K10676","2,4-dichlorophenol 6-monooxygenase","Chlorocyclohexane and chlorobenzene degradation","Xenobiotics biodegradation and metabolism"
"K10700","Ethylbenzene hydroxylase subunit alpha","Ethylbenzene degradation","Xenobiotics biodegradation and metabolism"
"K10702","2-hydroxy-6-oxohepta-2,4-dienoate hydrolase","Xylene degradation","Xenobiotics biodegradation and metabolism"
"K10703","Very-long-chain (3R)-3-hydroxyacyl-CoA dehydratase","Fatty acid elongation","Lipid metabolism"
"K10712","Cysteamine dioxygenase","Taurine and hypotaurine metabolism","Metabolism of other amino acids"
"K10713","5,6,7,8-tetrahydromethanopterin hydro-lyase","Methane metabolism","Energy metabolism"
"K10714","Methylene-tetrahydromethanopterin dehydrogenase","Methane metabolism","Energy metabolism"
"K10764","O-succinylhomoserine sulfhydrylase","Sulfur metabolism","Energy metabolism"
"K10774","Tyrosine ammonia-lyase","Tyrosine metabolism","Amino acid metabolism"
"K10775","Phenylalanine ammonia-lyase","Phenylalanine metabolism","Amino acid metabolism"
"K10780","Enoyl-[acyl-carrier protein] reductase III","Fatty acid biosynthesis","Lipid metabolism"
"K10793","D-proline reductase (dithiol) PrdA","Arginine and proline metabolism","Amino acid metabolism"
"K10794","D-proline reductase (dithiol) PrdB","Arginine and proline metabolism","Amino acid metabolism"
"K10797","2-enoate reductase","Phenylalanine metabolism","Amino acid metabolism"
"K10810","Thiazole tautomerase (transcriptional regulator TenI)","Thiamine metabolism","Metabolism of cofactors and vitamins"
"K10814","Hydrogen cyanide synthase HcnA","Cyanoamino acid metabolism","Metabolism of other amino acids"
"K10815","Hydrogen cyanide synthase HcnB","Cyanoamino acid metabolism","Metabolism of other amino acids"
"K10816","Hydrogen cyanide synthase HcnC","Cyanoamino acid metabolism","Metabolism of other amino acids"
"K10817","6-deoxyerythronolide-B synthase EryAI","Type I polyketide structures","Metabolism of terpenoids and polyketides"
"K10944","Methane/ammonia monooxygenase subunit A","Methane metabolism","Energy metabolism"
"K10945","Methane/ammonia monooxygenase subunit B","Methane metabolism","Energy metabolism"
"K10946","Methane/ammonia monooxygenase subunit C","Methane metabolism","Energy metabolism"
"K10960","Geranylgeranyl diphosphate/geranylgeranyl-bacteriochlorophyllide a reductase","Porphyrin and chlorophyll metabolism","Metabolism of cofactors and vitamins"
"K10977","Methanogen homocitrate synthase","Pyruvate metabolism","Carbohydrate metabolism"
"K10978","Methanogen homoisocitrate dehydrogenase","Methane metabolism","Energy metabolism"
"K10984","Galactosamine PTS system EIIB component","Galactose metabolism","Carbohydrate metabolism"
"K10985","Galactosamine PTS system EIIC component","Galactose metabolism","Carbohydrate metabolism"
"K10986","Galactosamine PTS system EIID component","Galactose metabolism","Carbohydrate metabolism"
"K11153","Retinol dehydrogenase 12","Retinol metabolism","Metabolism of cofactors and vitamins"
"K11175","Phosphoribosylglycinamide formyltransferase 1","Purine metabolism","Nucleotide metabolism"
"K11177","Xanthine dehydrogenase YagR molybdenum-binding subunit","Purine metabolism","Nucleotide metabolism"
"K11178","Xanthine dehydrogenase YagS FAD-binding subunit","Purine metabolism","Nucleotide metabolism"
"K11180","Dissimilatory sulfite reductase alpha subunit","Sulfur metabolism","Energy metabolism"
"K11181","Dissimilatory sulfite reductase beta subunit","Sulfur metabolism","Energy metabolism"
"K11212","LPPG:FO 2-phospho-L-lactate transferase","Methane metabolism","Energy metabolism"
"K11214","Sedoheptulokinase","Carbon fixation in photosynthetic organisms","Energy metabolism"
"K11258","Acetolactate synthase II small subunit","Butanoate metabolism","Carbohydrate metabolism"
"K11260","4Fe-4S ferredoxin","Methane metabolism","Energy metabolism"
"K11261","Formylmethanofuran dehydrogenase subunit E","Methane metabolism","Energy metabolism"
"K11263","Acetyl-CoA/propionyl-CoA carboxylase, biotin carboxylase, biotin carboxyl carrier protein","Pyruvate metabolism","Carbohydrate metabolism"
"K11264","Methylmalonyl-CoA decarboxylase","Propanoate metabolism","Carbohydrate metabolism"
"K11311","Anthranilate 1,2-dioxygenase reductase component","Aminobenzoate degradation","Xenobiotics biodegradation and metabolism"
"K11358","Aspartate aminotransferase","Alanine, aspartate and glutamate metabolism","Amino acid metabolism"
"K11381","2-oxoisovalerate dehydrogenase E1 component","Propanoate metabolism","Carbohydrate metabolism"
"K11389","Glyceraldehyde-3-phosphate dehydrogenase (ferredoxin)","Glycolysis / Gluconeogenesis","Carbohydrate metabolism"
"K11395","2-dehydro-3-deoxy-phosphogluconate/2-dehydro-3-deoxy-6-phosphogalactonate aldolase","Pentose phosphate pathway","Carbohydrate metabolism"
"K11410","Short-chain 2-methylacyl-CoA dehydrogenase","Valine, leucine and isoleucine degradation","Amino acid metabolism"
"K11415","NAD+-dependent protein deacetylase sirtuin 5","Nicotinate and nicotinamide metabolism","Metabolism of cofactors and vitamins"
"K11440","Choline dehydrogenase","Glycine, serine and threonine metabolism","Amino acid metabolism"
"K11441","Dehydrogluconokinase","Pentose phosphate pathway","Carbohydrate metabolism"
"K11472","Glycolate oxidase FAD binding subunit","Glyoxylate and dicarboxylate metabolism","Carbohydrate metabolism"
"K11473","Glycolate oxidase iron-sulfur subunit","Glyoxylate and dicarboxylate metabolism","Carbohydrate metabolism"
"K11517","(S)-2-hydroxy-acid oxidase","Glyoxylate and dicarboxylate metabolism","Carbohydrate metabolism"
"K11528","UDP-N-acetylglucosamine pyrophosphorylase","Amino sugar and nucleotide sugar metabolism","Carbohydrate metabolism"
"K11529","Glycerate 2-kinase","Pentose phosphate pathway","Carbohydrate metabolism"
"K11532","Fructose-1,6-bisphosphatase II / sedoheptulose-1,7-bisphosphatase","Glycolysis / Gluconeogenesis","Carbohydrate metabolism"
"K11533","Fatty acid synthase, bacteria type","Fatty acid biosynthesis","Lipid metabolism"
"K11540","Carbamoyl-phosphate synthase / aspartate carbamoyltransferase / dihydroorotase","Pyrimidine metabolism","Nucleotide metabolism"
"K11645","Fructose-bisphosphate aldolase, class I","Glycolysis / Gluconeogenesis","Carbohydrate metabolism"
"K11646","3-dehydroquinate synthase II","Phenylalanine, tyrosine and tryptophan biosynthesis","Amino acid metabolism"
"K11693","Peptidoglycan pentaglycine glycine transferase (the first glycine)","Peptidoglycan biosynthesis","Glycan biosynthesis and metabolism"
"K11694","Peptidoglycan pentaglycine glycine transferase (the second and third glycine)","Peptidoglycan biosynthesis","Glycan biosynthesis and metabolism"
"K11695","Peptidoglycan pentaglycine glycine transferase (the fourth and fifth glycine)","Peptidoglycan biosynthesis","Glycan biosynthesis and metabolism"
"K11717","Cysteine desulfurase / selenocysteine lyase","Selenocompound metabolism","Metabolism of other amino acids"
"K11752","Diaminohydroxyphosphoribosylaminopyrimidine deaminase / 5-amino-6-(5-phosphoribosylamino)uracil reductase","Riboflavin metabolism","Metabolism of cofactors and vitamins"
"K11753","Riboflavin kinase / FMN adenylyltransferase","Riboflavin metabolism","Metabolism of cofactors and vitamins"
"K11754","Dihydrofolate synthase / folylpolyglutamate synthase","Folate biosynthesis","Metabolism of cofactors and vitamins"
"K11755","Phosphoribosyl-AMP cyclohydrolase / phosphoribosyl-ATP pyrophosphohydrolase","Histidine metabolism","Amino acid metabolism"
"K11779","FO synthase","Methane metabolism","Energy metabolism"
"K11780","7,8-didemethyl-8-hydroxy-5-deazariboflavin synthase","Methane metabolism","Energy metabolism"
"K11781","5-amino-6-(D-ribitylamino)uracil---L-tyrosine 4-hydroxyphenyl transferase","Methane metabolism","Energy metabolism"
"K11788","Phosphoribosylamine--glycine ligase / phosphoribosylformylglycinamidine cyclo-ligase","Purine metabolism","Nucleotide metabolism"
"K11816","Indole-3-pyruvate monooxygenase","Tryptophan metabolism","Amino acid metabolism"
"K11943","PAH dioxygenase large subunit","Polycyclic aromatic hydrocarbon degradation","Xenobiotics biodegradation and metabolism"
"K11944","PAH dioxygenase small subunit","Polycyclic aromatic hydrocarbon degradation","Xenobiotics biodegradation and metabolism"
"K11945","Extradiol dioxygenase","Polycyclic aromatic hydrocarbon degradation","Xenobiotics biodegradation and metabolism"
"K11946","Hydratase-aldolase","Polycyclic aromatic hydrocarbon degradation","Xenobiotics biodegradation and metabolism"
"K11947","Aldehyde dehydrogenase","Polycyclic aromatic hydrocarbon degradation","Xenobiotics biodegradation and metabolism"
"K11987","Prostaglandin-endoperoxide synthase 2","Arachidonic acid metabolism","Lipid metabolism"
"K12073","1,4-dihydroxy-2-naphthoyl-CoA hydrolase","Ubiquinone and other terpenoid-quinone biosynthesis","Metabolism of cofactors and vitamins"
"K12111","Evolved beta-galactosidase subunit alpha","Galactose metabolism","Carbohydrate metabolism"
"K12112","Evolved beta-galactosidase subunit beta","Galactose metabolism","Carbohydrate metabolism"
"K12234","Coenzyme F420-0:L-glutamate ligase / coenzyme F420-1:gamma-L-glutamate ligase","Methane metabolism","Energy metabolism"
"K12250","Pentalenene synthase","Sesquiterpenoid and triterpenoid biosynthesis","Metabolism of terpenoids and polyketides"
"K12251","N-carbamoylputrescine amidase","Arginine and proline metabolism","Amino acid metabolism"
"K12252","Arginine:pyruvate transaminase","Arginine and proline metabolism","Amino acid metabolism"
"K12253","5-guanidino-2-oxopentanoate decarboxylase","Arginine and proline metabolism","Amino acid metabolism"
"K12254","4-guanidinobutyraldehyde dehydrogenase / NAD-dependent aldehyde dehydrogenase","Arginine and proline metabolism","Amino acid metabolism"
"K12255","Guanidinobutyrase","Arginine and proline metabolism","Amino acid metabolism"
"K12256","Putrescine---pyruvate transaminase","Arginine and proline metabolism","Amino acid metabolism"
"K12339","S-sulfo-L-cysteine synthase (O-acetyl-L-serine-dependent)","Cysteine and methionine metabolism","Amino acid metabolism"
"K12349","Neutral ceramidase","Sphingolipid metabolism","Lipid metabolism"
"K12351","Sphingomyelin phosphodiesterase 2","Sphingolipid metabolism","Lipid metabolism"
"K12373","Hexosaminidase","Amino sugar and nucleotide sugar metabolism","Carbohydrate metabolism"
"K12405","(3R)-3-hydroxyacyl-CoA dehydrogenase / 3a,7a,12a-trihydroxy-5b-cholest-24-enoyl-CoA hydratase / enoyl-CoA hydratase 2","Primary bile acid biosynthesis","Lipid metabolism"
"K12420","Ketoreductase","Biosynthesis of type II polyketide backbone","Metabolism of terpenoids and polyketides"
"K12446","L-arabinokinase","Amino sugar and nucleotide sugar metabolism","Carbohydrate metabolism"
"K12447","UDP-sugar pyrophosphorylase","Pentose and glucuronate interconversions","Carbohydrate metabolism"
"K12448","UDP-arabinose 4-epimerase","Amino sugar and nucleotide sugar metabolism","Carbohydrate metabolism"
"K12449","UDP-apiose/xylose synthase","Amino sugar and nucleotide sugar metabolism","Carbohydrate metabolism"
"K12450","UDP-glucose 4,6-dehydratase","Amino sugar and nucleotide sugar metabolism","Carbohydrate metabolism"
"K12452","CDP-4-dehydro-6-deoxyglucose reductase, E1","Amino sugar and nucleotide sugar metabolism","Carbohydrate metabolism"
"K12453","CDP-paratose synthetase","Amino sugar and nucleotide sugar metabolism","Carbohydrate metabolism"
"K12454","CDP-paratose 2-epimerase","Amino sugar and nucleotide sugar metabolism","Carbohydrate metabolism"
"K12455","CDP-abequose synthase","Amino sugar and nucleotide sugar metabolism","Carbohydrate metabolism"
"K12506","2-C-methyl-D-erythritol 4-phosphate cytidylyltransferase / 2-C-methyl-D-erythritol 2,4-cyclodiphosphate synthase","Terpenoid backbone biosynthesis","Metabolism of terpenoids and polyketides"
"K12524","Bifunctional aspartokinase / homoserine dehydrogenase 1","Glycine, serine and threonine metabolism","Amino acid metabolism"
"K12525","Bifunctional aspartokinase / homoserine dehydrogenase 2","Glycine, serine and threonine metabolism","Amino acid metabolism"
"K12526","Bifunctional diaminopimelate decarboxylase / aspartate kinase","Glycine, serine and threonine metabolism","Amino acid metabolism"
"K12551","Monofunctional glycosyltransferase","Peptidoglycan biosynthesis","Glycan biosynthesis and metabolism"
"K12552","Penicillin-binding protein 1","Peptidoglycan biosynthesis","Glycan biosynthesis and metabolism"
"K12553","Penicillin-binding protein 3","Peptidoglycan biosynthesis","Glycan biosynthesis and metabolism"
"K12554","Alanine adding enzyme","Peptidoglycan biosynthesis","Glycan biosynthesis and metabolism"
"K12555","Penicillin-binding protein 2A","Peptidoglycan biosynthesis","Glycan biosynthesis and metabolism"
"K12556","Penicillin-binding protein 2X","Peptidoglycan biosynthesis","Glycan biosynthesis and metabolism"
"K12570","Streptomycin 6-kinase","Streptomycin biosynthesis","Biosynthesis of other secondary metabolites"
"K12658","4-hydroxyproline epimerase","Arginine and proline metabolism","Amino acid metabolism"
"K12659","N-acetyl-gamma-glutamyl-phosphate reductase / acetylglutamate kinase","Arginine biosynthesis","Amino acid metabolism"
"K12660","2-dehydro-3-deoxy-L-rhamnonate aldolase","Fructose and mannose metabolism","Carbohydrate metabolism"
"K12661","L-rhamnonate dehydratase","Fructose and mannose metabolism","Carbohydrate metabolism"
"K12673","N2-(2-carboxyethyl)arginine synthase","Clavulanic acid biosynthesis","Biosynthesis of other secondary metabolites"
"K12674","(carboxyethyl)arginine beta-lactam-synthase","Clavulanic acid biosynthesis","Biosynthesis of other secondary metabolites"
"K12675","Clavaminate synthase","Clavulanic acid biosynthesis","Biosynthesis of other secondary metabolites"
"K12676","Proclavaminate amidinohydrolase","Clavulanic acid biosynthesis","Biosynthesis of other secondary metabolites"
"K12677","Clavulanate-9-aldehyde reducatase","Clavulanic acid biosynthesis","Biosynthesis of other secondary metabolites"
"K12701","Novobiocin biosynthesis protein NovH","Novobiocin biosynthesis","Biosynthesis of other secondary metabolites"
"K12702","Novobiocin biosynthesis protein NovI","Novobiocin biosynthesis","Biosynthesis of other secondary metabolites"
"K12703","Novobiocin biosynthesis protein NovJ","Novobiocin biosynthesis","Biosynthesis of other secondary metabolites"
"K12704","Novobiocin biosynthesis protein NovK","Novobiocin biosynthesis","Biosynthesis of other secondary metabolites"
"K12709","8-demethylnovobiocic acid synthase","Novobiocin biosynthesis","Biosynthesis of other secondary metabolites"
"K12710","C-methyltransferase","Polyketide sugar unit biosynthesis","Metabolism of terpenoids and polyketides"
"K12711","L-demethylnoviosyl transferase","Novobiocin biosynthesis","Biosynthesis of other secondary metabolites"
"K12712","Demethyldecarbamoylnovobiocin O-methyltransferase","Novobiocin biosynthesis","Biosynthesis of other secondary metabolites"
"K12713","Decarbamoylnovobiocin carbamoyltransferase","Novobiocin biosynthesis","Biosynthesis of other secondary metabolites"
"K12743","N-(5-amino-5-carboxypentanoyl)-L-cysteinyl-D-valine synthase","Penicillin and cephalosporin biosynthesis","Biosynthesis of other secondary metabolites"
"K12744","Deacetoxycephalosporin-C synthase","Penicillin and cephalosporin biosynthesis","Biosynthesis of other secondary metabolites"
"K12745","Deacetoxycephalosporin-C hydroxylase","Penicillin and cephalosporin biosynthesis","Biosynthesis of other secondary metabolites"
"K12960","5-methylthioadenosine/S-adenosylhomocysteine deaminase","Cysteine and methionine metabolism","Amino acid metabolism"
"K12972","Glyoxylate/hydroxypyruvate reductase","Pyruvate metabolism","Carbohydrate metabolism"
"K12977","Lipid A 1-phosphatase","Lipopolysaccharide biosynthesis","Glycan biosynthesis and metabolism"
"K13010","Perosamine synthetase","Amino sugar and nucleotide sugar metabolism","Carbohydrate metabolism"
"K13014","Undecaprenyl phosphate-alpha-L-ara4FN deformylase","Amino sugar and nucleotide sugar metabolism","Carbohydrate metabolism"
"K13015","UDP-N-acetyl-D-glucosamine dehydrogenase","Amino sugar and nucleotide sugar metabolism","Carbohydrate metabolism"
"K13016","UDP-N-acetyl-2-amino-2-deoxyglucuronate dehydrogenase","Amino sugar and nucleotide sugar metabolism","Carbohydrate metabolism"
"K13017","UDP-2-acetamido-2-deoxy-ribo-hexuluronate aminotransferase","Amino sugar and nucleotide sugar metabolism","Carbohydrate metabolism"
"K13018","UDP-2-acetamido-3-amino-2,3-dideoxy-glucuronate N-acetyltransferase","Amino sugar and nucleotide sugar metabolism","Carbohydrate metabolism"
"K13019","UDP-GlcNAc3NAcA epimerase","Amino sugar and nucleotide sugar metabolism","Carbohydrate metabolism"
"K13020","UDP-N-acetyl-2-amino-2-deoxyglucuronate dehydrogenase","Amino sugar and nucleotide sugar metabolism","Carbohydrate metabolism"
"K13037","L-alanine-L-anticapsin ligase","Biosynthesis of various secondary metabolites - part 2","Biosynthesis of other secondary metabolites"
"K13038","Phosphopantothenoylcysteine decarboxylase / phosphopantothenate---cysteine ligase","Pantothenate and CoA biosynthesis","Metabolism of cofactors and vitamins"
"K13039","Sulfopyruvate decarboxylase subunit beta","Methane metabolism","Energy metabolism"
"K13042","Dimethylglycine N-methyltransferase","Glycine, serine and threonine metabolism","Amino acid metabolism"
"K13051","L-asparaginase / beta-aspartyl-peptidase","Alanine, aspartate and glutamate metabolism","Amino acid metabolism"
"K13057","Trehalose synthase","Starch and sucrose metabolism","Carbohydrate metabolism"
"K13060","Acyl homoserine lactone synthase","Cysteine and methionine metabolism","Amino acid metabolism"
"K13061","Acyl homoserine lactone synthase","Cysteine and methionine metabolism","Amino acid metabolism"
"K13062","Acyl homoserine lactone synthase","Cysteine and methionine metabolism","Amino acid metabolism"
"K13063","2-amino-4-deoxychorismate synthase","Phenazine biosynthesis","Biosynthesis of other secondary metabolites"
"K13065","Shikimate O-hydroxycinnamoyltransferase","Phenylpropanoid biosynthesis","Biosynthesis of other secondary metabolites"
"K13273","Phosphomevalonate kinase","Terpenoid backbone biosynthesis","Metabolism of terpenoids and polyketides"
"K13290","Serine---pyruvate transaminase","Glycine, serine and threonine metabolism","Amino acid metabolism"
"K13307","DTDP-3-amino-3,6-dideoxy-alpha-D-glucopyranose N,N-dimethyltransferase","Polyketide sugar unit biosynthesis","Metabolism of terpenoids and polyketides"
"K13308","DTDP-4-amino-4,6-dideoxy-D-glucose transaminase","Polyketide sugar unit biosynthesis","Metabolism of terpenoids and polyketides"
"K13309","DTDP-4-amino-4,6-dideoxy-D-glucose ammonia-lyase","Polyketide sugar unit biosynthesis","Metabolism of terpenoids and polyketides"
"K13310","DTDP-3-amino-3,4,6-trideoxy-alpha-D-glucose transaminase","Polyketide sugar unit biosynthesis","Metabolism of terpenoids and polyketides"
"K13311","DTDP-3-amino-3,4,6-trideoxy-alpha-D-glucopyranose N,N-dimethyltransferase","Polyketide sugar unit biosynthesis","Metabolism of terpenoids and polyketides"
"K13312","DTDP-4-dehydro-6-deoxy-D-glucose 3-epimerase","Polyketide sugar unit biosynthesis","Metabolism of terpenoids and polyketides"
"K13313","DTDP-4-dehydro-6-deoxy-alpha-D-gulose 4-ketoreductase","Polyketide sugar unit biosynthesis","Metabolism of terpenoids and polyketides"
"K13315","NDP-hexose C3-ketoreductase / dTDP-4-oxo-2-deoxy-alpha-D-pentos-2-ene 2,3-reductase","Polyketide sugar unit biosynthesis","Metabolism of terpenoids and polyketides"
"K13316","NDP-hexose 5-epimerase","Polyketide sugar unit biosynthesis","Metabolism of terpenoids and polyketides"
"K13317","NDP-4-keto-2,6-dideoxyhexose 3-C-methyltransferase","Polyketide sugar unit biosynthesis","Metabolism of terpenoids and polyketides"
"K13318","DTDP-4-keto-6-deoxy-L-hexose 4-reductase","Polyketide sugar unit biosynthesis","Metabolism of terpenoids and polyketides"
"K13322","DTDP-4-keto-6-deoxyhexose 4-ketoreductase","Polyketide sugar unit biosynthesis","Metabolism of terpenoids and polyketides"
"K13326","DTDP-3-amino-2,3,6-trideoxy-4-keto-D-glucose/dTDP-3-amino-3,4,6-trideoxy-alpha-D-glucopyranose N,N-dimethyltransferase","Polyketide sugar unit biosynthesis","Metabolism of terpenoids and polyketides"
"K13327","DTDP-3,4-didehydro-2,6-dideoxy-alpha-D-glucose 3-reductase","Polyketide sugar unit biosynthesis","Metabolism of terpenoids and polyketides"
"K13328","DTDP-4-dehydro-2,6-dideoxy-D-glucose 3-dehydratase","Polyketide sugar unit biosynthesis","Metabolism of terpenoids and polyketides"
"K13329","DTDP-4-dehydro-2,3,6-trideoxy-D-glucose 4-aminotransferase","Polyketide sugar unit biosynthesis","Metabolism of terpenoids and polyketides"
"K13330","DTDP-4-amino-2,3,4,6-tetradeoxy-D-glucose N,N-dimethyltransferase","Polyketide sugar unit biosynthesis","Metabolism of terpenoids and polyketides"
"K13371","Aralkylamine dehydrogenase light chain","Tyrosine metabolism","Amino acid metabolism"
"K13372","Aralkylamine dehydrogenase heavy chain","Tyrosine metabolism","Amino acid metabolism"
"K13378","NADH-quinone oxidoreductase subunit C/D","Oxidative phosphorylation","Energy metabolism"
"K13379","Reversibly glycosylated polypeptide / UDP-arabinopyranose mutase","Amino sugar and nucleotide sugar metabolism","Carbohydrate metabolism"
"K13380","NADH-quinone oxidoreductase subunit B/C/D","Oxidative phosphorylation","Energy metabolism"
"K13381","Bifunctional chitinase/lysozyme","Amino sugar and nucleotide sugar metabolism","Carbohydrate metabolism"
"K13479","Xanthine dehydrogenase FAD-binding subunit","Purine metabolism","Nucleotide metabolism"
"K13480","Xanthine dehydrogenase iron-sulfur-binding subunit","Purine metabolism","Nucleotide metabolism"
"K13481","Xanthine dehydrogenase small subunit","Purine metabolism","Nucleotide metabolism"
"K13482","Xanthine dehydrogenase large subunit","Purine metabolism","Nucleotide metabolism"
"K13483","Xanthine dehydrogenase YagT iron-sulfur-binding subunit","Purine metabolism","Nucleotide metabolism"
"K13485","2-oxo-4-hydroxy-4-carboxy-5-ureidoimidazoline decarboxylase","Purine metabolism","Nucleotide metabolism"
"K13497","Anthranilate synthase/phosphoribosyltransferase","Phenylalanine, tyrosine and tryptophan biosynthesis","Amino acid metabolism"
"K13498","Indole-3-glycerol phosphate synthase / phosphoribosylanthranilate isomerase","Phenylalanine, tyrosine and tryptophan biosynthesis","Amino acid metabolism"
"K13500","Chondroitin synthase","Glycosaminoglycan biosynthesis - chondroitin sulfate / dermatan sulfate","Glycan biosynthesis and metabolism"
"K13501","Anthranilate synthase / indole-3-glycerol phosphate synthase / phosphoribosylanthranilate isomerase","Phenylalanine, tyrosine and tryptophan biosynthesis","Amino acid metabolism"
"K13503","Anthranilate synthase","Phenylalanine, tyrosine and tryptophan biosynthesis","Amino acid metabolism"
"K13509","Lysophosphatidate acyltransferase","Glycerolipid metabolism","Lipid metabolism"
"K13522","Bifunctional NMN adenylyltransferase/nudix hydrolase","Nicotinate and nicotinamide metabolism","Metabolism of cofactors and vitamins"
"K13524","4-aminobutyrate aminotransferase / (S)-3-amino-2-methylpropionate transaminase","Propanoate metabolism","Carbohydrate metabolism"
"K13540","Precorrin-2 C20-methyltransferase / precorrin-3B C17-methyltransferase","Porphyrin and chlorophyll metabolism","Metabolism of cofactors and vitamins"
"K13541","Cobalt-precorrin 5A hydrolase / cobalt-factor III methyltransferase / precorrin-3B C17-methyltransferase","Porphyrin and chlorophyll metabolism","Metabolism of cofactors and vitamins"
"K13542","Uroporphyrinogen III methyltransferase / synthase","Porphyrin and chlorophyll metabolism","Metabolism of cofactors and vitamins"
"K13543","Uroporphyrinogen III methyltransferase / synthase","Porphyrin and chlorophyll metabolism","Metabolism of cofactors and vitamins"
"K13566","Omega-amidase","Alanine, aspartate and glutamate metabolism","Amino acid metabolism"
"K13609","Delta1-piperideine-2-carboxylate reductase","Lysine degradation","Amino acid metabolism"
"K13668","Phosphatidyl-myo-inositol dimannoside synthase","Lipoarabinomannan (LAM) biosynthesis","Glycan biosynthesis and metabolism"
"K13669","Alpha-1,2-mannosyltransferase","Lipoarabinomannan (LAM) biosynthesis","Glycan biosynthesis and metabolism"
"K13677","1,2-diacylglycerol-3-alpha-glucose alpha-1,2-glucosyltransferase","Glycerolipid metabolism","Lipid metabolism"
"K13679","Granule-bound starch synthase","Starch and sucrose metabolism","Carbohydrate metabolism"
"K13686","Galactan 5-O-arabinofuranosyltransferase","Arabinogalactan biosynthesis - Mycobacterium","Glycan biosynthesis and metabolism"
"K13713","Fusion protein PurCD","Purine metabolism","Nucleotide metabolism"
"K13745","L-2,4-diaminobutyrate decarboxylase","Glycine, serine and threonine metabolism","Amino acid metabolism"
"K13746","Carboxynorspermidine synthase","Arginine and proline metabolism","Amino acid metabolism"
"K13747","Carboxynorspermidine decarboxylase","Arginine and proline metabolism","Amino acid metabolism"
"K13766","Methylglutaconyl-CoA hydratase","Valine, leucine and isoleucine degradation","Amino acid metabolism"
"K13767","Enoyl-CoA hydratase","Fatty acid degradation","Lipid metabolism"
"K13786","Cob(II)yrinic acid a,c-diamide reductase","Porphyrin and chlorophyll metabolism","Metabolism of cofactors and vitamins"
"K13787","Geranylgeranyl diphosphate synthase, type I","Terpenoid backbone biosynthesis","Metabolism of terpenoids and polyketides"
"K13788","Phosphate acetyltransferase","Pyruvate metabolism","Carbohydrate metabolism"
"K13789","Geranylgeranyl diphosphate synthase, type II","Terpenoid backbone biosynthesis","Metabolism of terpenoids and polyketides"
"K13799","Pantoate ligase / CMP/dCMP kinase","Pyrimidine metabolism","Nucleotide metabolism"
"K13810","Transaldolase / glucose-6-phosphate isomerase","Glycolysis / Gluconeogenesis","Carbohydrate metabolism"
"K13811","3'-phosphoadenosine 5'-phosphosulfate synthase","Sulfur metabolism","Energy metabolism"
"K13812","Bifunctional enzyme Fae/Hps","Pentose phosphate pathway","Carbohydrate metabolism"
"K13818","Molybdopterin-guanine dinucleotide biosynthesis protein","Folate biosynthesis","Metabolism of cofactors and vitamins"
"K13821","RHH-type transcriptional regulator, proline utilization regulon repressor / proline dehydrogenase / delta 1-pyrroline-5-carboxylate dehydrogenase","Alanine, aspartate and glutamate metabolism","Amino acid metabolism"
"K13829","Shikimate kinase / 3-dehydroquinate synthase","Phenylalanine, tyrosine and tryptophan biosynthesis","Amino acid metabolism"
"K13830","Pentafunctional AROM polypeptide","Phenylalanine, tyrosine and tryptophan biosynthesis","Amino acid metabolism"
"K13831","3-hexulose-6-phosphate synthase / 6-phospho-3-hexuloisomerase","Pentose phosphate pathway","Carbohydrate metabolism"
"K13832","3-dehydroquinate dehydratase / shikimate dehydrogenase","Phenylalanine, tyrosine and tryptophan biosynthesis","Amino acid metabolism"
"K13853","3-deoxy-7-phosphoheptulonate synthase / chorismate mutase","Phenylalanine, tyrosine and tryptophan biosynthesis","Amino acid metabolism"
"K13873","L-arabinose 1-dehydrogenase","Ascorbate and aldarate metabolism","Carbohydrate metabolism"
"K13874","L-arabinonolactonase","Ascorbate and aldarate metabolism","Carbohydrate metabolism"
"K13875","L-arabonate dehydrase","Ascorbate and aldarate metabolism","Carbohydrate metabolism"
"K13876","2-keto-3-deoxy-L-arabinonate dehydratase","Ascorbate and aldarate metabolism","Carbohydrate metabolism"
"K13877","2,5-dioxopentanoate dehydrogenase","Pentose and glucuronate interconversions","Carbohydrate metabolism"
"K13919","Propanediol dehydratase medium subunit","Propanoate metabolism","Carbohydrate metabolism"
"K13920","Propanediol dehydratase small subunit","Propanoate metabolism","Carbohydrate metabolism"
"K13921","1-propanol dehydrogenase","Propanoate metabolism","Carbohydrate metabolism"
"K13938","Dihydromonapterin reductase / dihydrofolate reductase","Folate biosynthesis","Metabolism of cofactors and vitamins"
"K13940","Dihydroneopterin aldolase / 2-amino-4-hydroxy-6-hydroxymethyldihydropteridine diphosphokinase","Folate biosynthesis","Metabolism of cofactors and vitamins"
"K13941","2-amino-4-hydroxy-6-hydroxymethyldihydropteridine diphosphokinase / dihydropteroate synthase","Folate biosynthesis","Metabolism of cofactors and vitamins"
"K13942","5,10-methenyltetrahydromethanopterin hydrogenase","Methane metabolism","Energy metabolism"
"K13953","Alcohol dehydrogenase, propanol-preferring","Glycolysis / Gluconeogenesis","Carbohydrate metabolism"
"K13954","Alcohol dehydrogenase","Glycolysis / Gluconeogenesis","Carbohydrate metabolism"
"K13967","N-acetylmannosamine-6-phosphate 2-epimerase / N-acetylmannosamine kinase","Amino sugar and nucleotide sugar metabolism","Carbohydrate metabolism"
"K13990","Glutamate formiminotransferase / formiminotetrahydrofolate cyclodeaminase","Histidine metabolism","Amino acid metabolism"
"K13995","Maleamate amidohydrolase","Nicotinate and nicotinamide metabolism","Metabolism of cofactors and vitamins"
"K14028","Methanol dehydrogenase (cytochrome c) subunit 1","Glycolysis / Gluconeogenesis","Carbohydrate metabolism"
"K14029","Methanol dehydrogenase (cytochrome c) subunit 2","Glycolysis / Gluconeogenesis","Carbohydrate metabolism"
"K14048","Urease subunit gamma/beta","Purine metabolism","Nucleotide metabolism"
"K14067","Malate-CoA ligase subunit beta","Glyoxylate and dicarboxylate metabolism","Carbohydrate metabolism"
"K14080","[methyl-Co(III) methanol-specific corrinoid protein]:coenzyme M methyltransferase","Methane metabolism","Energy metabolism"
"K14081","Methanol corrinoid protein","Methane metabolism","Energy metabolism"
"K14082","[methyl-Co(III) methylamine-specific corrinoid protein]:coenzyme M methyltransferase","Methane metabolism","Energy metabolism"
"K14083","Trimethylamine---corrinoid protein Co-methyltransferase","Methane metabolism","Energy metabolism"
"K14084","Trimethylamine corrinoid protein","Methane metabolism","Energy metabolism"
"K14126","F420-non-reducing hydrogenase large subunit","Methane metabolism","Energy metabolism"
"K14127","F420-non-reducing hydrogenase iron-sulfur subunit","Methane metabolism","Energy metabolism"
"K14128","F420-non-reducing hydrogenase small subunit","Methane metabolism","Energy metabolism"
"K14138","Acetyl-CoA synthase","Carbon fixation pathways in prokaryotes","Energy metabolism"
"K14153","Hydroxymethylpyrimidine kinase / phosphomethylpyrimidine kinase / thiamine-phosphate diphosphorylase","Thiamine metabolism","Metabolism of cofactors and vitamins"
"K14155","Cysteine-S-conjugate beta-lyase","Cysteine and methionine metabolism","Amino acid metabolism"
"K14157","Alpha-aminoadipic semialdehyde synthase","Lysine degradation","Amino acid metabolism"
"K14170","Chorismate mutase / prephenate dehydratase","Phenylalanine, tyrosine and tryptophan biosynthesis","Amino acid metabolism"
"K14187","Chorismate mutase / prephenate dehydrogenase","Phenylalanine, tyrosine and tryptophan biosynthesis","Amino acid metabolism"
"K14188","D-alanine--poly(phosphoribitol) ligase subunit 2","D-Alanine metabolism","Metabolism of other amino acids"
"K14250","Cyclase","Biosynthesis of type II polyketide products","Metabolism of terpenoids and polyketides"
"K14251","C-methyltransferase","Biosynthesis of type II polyketide products","Metabolism of terpenoids and polyketides"
"K14252","6-methylpretetramide 4-monooxygenase / 4-hydroxy-6-methylpretetramide 12a-monooxygenase","Biosynthesis of type II polyketide products","Metabolism of terpenoids and polyketides"
"K14253","6-methylpretetramide 4-monooxygenase","Biosynthesis of type II polyketide products","Metabolism of terpenoids and polyketides"
"K14254","Aminotransferase","Biosynthesis of type II polyketide products","Metabolism of terpenoids and polyketides"
"K14255","4-amino-anhydrotetracycline N4-methyltransferase","Biosynthesis of type II polyketide products","Metabolism of terpenoids and polyketides"
"K14256","Anhydrotetracycline 6-monooxygenase / 5a,11a-dehydrotetracycline 5-monooxygenase","Biosynthesis of type II polyketide products","Metabolism of terpenoids and polyketides"
"K14257","Tetracycline 7-halogenase / FADH2 O2-dependent halogenase","Biosynthesis of type II polyketide products","Metabolism of terpenoids and polyketides"
"K14259","2-dehydro-3-deoxy-D-arabinonate dehydratase","Pentose and glucuronate interconversions","Carbohydrate metabolism"
"K14260","Alanine-synthesizing transaminase","Alanine, aspartate and glutamate metabolism","Amino acid metabolism"
"K14266","Tryptophan 7-halogenase","Staurosporine biosynthesis","Biosynthesis of other secondary metabolites"
"K14267","N-succinyldiaminopimelate aminotransferase","Lysine biosynthesis","Amino acid metabolism"
"K14268","5-aminovalerate/4-aminobutyrate aminotransferase","Butanoate metabolism","Carbohydrate metabolism"
"K14273","D-xylose 1-dehydrogenase (NADP+, D-xylono-1,5-lactone-forming)","Pentose and glucuronate interconversions","Carbohydrate metabolism"
"K14274","Xylono-1,5-lactonase","Pentose and glucuronate interconversions","Carbohydrate metabolism"
"K14275","D-xylonate dehydratase","Pentose and glucuronate interconversions","Carbohydrate metabolism"
"K14286","Ethanolamine-phosphate phospho-lyase","Glycerophospholipid metabolism","Lipid metabolism"
"K14335","Alpha-1,6-mannosyltransferase","Lipoarabinomannan (LAM) biosynthesis","Glycan biosynthesis and metabolism"
"K14340","Mannosyltransferase","Lipoarabinomannan (LAM) biosynthesis","Glycan biosynthesis and metabolism"
"K14366","6-deoxyerythronolide B hydroxylase","Type I polyketide structures","Metabolism of terpenoids and polyketides"
"K14367","Erythronolide mycarosyltransferase","Type I polyketide structures","Metabolism of terpenoids and polyketides"
"K14368","3-alpha-mycarosylerythronolide B desosaminyl transferase","Type I polyketide structures","Metabolism of terpenoids and polyketides"
"K14369","Erythromycin 3''-O-methyltransferase","Biosynthesis of 12-, 14- and 16-membered macrolides","Metabolism of terpenoids and polyketides"
"K14370","Erythromycin 12 hydroxylase","Type I polyketide structures","Metabolism of terpenoids and polyketides"
"K14371","Avermectin polyketide synthase AveA1","Type I polyketide structures","Metabolism of terpenoids and polyketides"
"K14372","Cytochrome P450 hydroxylase","Type I polyketide structures","Metabolism of terpenoids and polyketides"
"K14373","C-5 ketoreductase","Type I polyketide structures","Metabolism of terpenoids and polyketides"
"K14374","Avermectin B 5-O-methyltransferase","Type I polyketide structures","Metabolism of terpenoids and polyketides"
"K14375","DTDP-L-oleandrosyltransferase","Type I polyketide structures","Metabolism of terpenoids and polyketides"
"K14379","Tartrate-resistant acid phosphatase type 5","Riboflavin metabolism","Metabolism of cofactors and vitamins"
"K14424","Plant 4alpha-monomethylsterol monooxygenase","Steroid biosynthesis","Lipid metabolism"
"K14446","Crotonyl-CoA carboxylase/reductase","Glyoxylate and dicarboxylate metabolism","Carbohydrate metabolism"
"K14447","Ethylmalonyl-CoA mutase","Glyoxylate and dicarboxylate metabolism","Carbohydrate metabolism"
"K14448","(2S)-methylsuccinyl-CoA dehydrogenase","Glyoxylate and dicarboxylate metabolism","Carbohydrate metabolism"
"K14449","2-methylfumaryl-CoA hydratase","Glyoxylate and dicarboxylate metabolism","Carbohydrate metabolism"
"K14451","(3S)-malyl-CoA thioesterase","Glyoxylate and dicarboxylate metabolism","Carbohydrate metabolism"
"K14459","Hexosaminidase","Various types of N-glycan biosynthesis","Glycan biosynthesis and metabolism"
"K14465","Succinate semialdehyde reductase (NADPH)","Carbon fixation pathways in prokaryotes","Energy metabolism"
"K14466","4-hydroxybutyrate---CoA ligase (AMP-forming)","Carbon fixation pathways in prokaryotes","Energy metabolism"
"K14467","4-hydroxybutyrate---CoA ligase (AMP-forming)","Carbon fixation pathways in prokaryotes","Energy metabolism"
"K14468","Malonyl-CoA reductase / 3-hydroxypropionate dehydrogenase (NADP+)","Propanoate metabolism","Carbohydrate metabolism"
"K14469","Acrylyl-CoA reductase (NADPH) / 3-hydroxypropionyl-CoA dehydratase / 3-hydroxypropionyl-CoA synthetase","Carbon fixation pathways in prokaryotes","Energy metabolism"
"K14470","2-methylfumaryl-CoA isomerase","Carbon fixation pathways in prokaryotes","Energy metabolism"
"K14471","Succinyl-CoA:(S)-malate CoA-transferase subunit A","C5-Branched dibasic acid metabolism","Carbohydrate metabolism"
"K14472","Succinyl-CoA:(S)-malate CoA-transferase subunit B","C5-Branched dibasic acid metabolism","Carbohydrate metabolism"
"K14481","Styrene monooxygenase","Styrene degradation","Xenobiotics biodegradation and metabolism"
"K14482","Styrene monooxygenase reductase component","Styrene degradation","Xenobiotics biodegradation and metabolism"
"K14519","NADP-dependent aldehyde dehydrogenase","Caprolactam degradation","Xenobiotics biodegradation and metabolism"
"K14520","4-hydroxyacetophenone monooxygenase","Bisphenol degradation","Xenobiotics biodegradation and metabolism"
"K14534","4-hydroxybutyryl-CoA dehydratase / vinylacetyl-CoA-Delta-isomerase","Butanoate metabolism","Carbohydrate metabolism"
"K14578","Naphthalene 1,2-dioxygenase ferredoxin component","Aminobenzoate degradation","Xenobiotics biodegradation and metabolism"
"K14579","Naphthalene 1,2-dioxygenase subunit alpha","Aminobenzoate degradation","Xenobiotics biodegradation and metabolism"
"K14580","Naphthalene 1,2-dioxygenase subunit beta","Aminobenzoate degradation","Xenobiotics biodegradation and metabolism"
"K14581","Naphthalene 1,2-dioxygenase ferredoxin reductase component","Aminobenzoate degradation","Xenobiotics biodegradation and metabolism"
"K14582","Cis-1,2-dihydro-1,2-dihydroxynaphthalene/dibenzothiophene dihydrodiol dehydrogenase","Naphthalene degradation","Xenobiotics biodegradation and metabolism"
"K14583","1,2-dihydroxynaphthalene dioxygenase","Naphthalene degradation","Xenobiotics biodegradation and metabolism"
"K14584","2-hydroxychromene-2-carboxylate isomerase","Naphthalene degradation","Xenobiotics biodegradation and metabolism"
"K14585","Trans-o-hydroxybenzylidenepyruvate hydratase-aldolase","Naphthalene degradation","Xenobiotics biodegradation and metabolism"
"K14599","Dibenzofuran dioxygenase subunit alpha","Dioxin degradation","Xenobiotics biodegradation and metabolism"
"K14600","Dibenzofuran dioxygenase subunit beta","Dioxin degradation","Xenobiotics biodegradation and metabolism"
"K14605","Lycopene cyclase CruA","Carotenoid biosynthesis","Metabolism of terpenoids and polyketides"
"K14606","Lycopene cyclase CruP","Carotenoid biosynthesis","Metabolism of terpenoids and polyketides"
"K14626","Actinorhodin biosynthesis protein ActVIA","Biosynthesis of type II polyketide products","Metabolism of terpenoids and polyketides"
"K14627","Dehydratase","Biosynthesis of type II polyketide products","Metabolism of terpenoids and polyketides"
"K14628","Enoyl reductase","Biosynthesis of type II polyketide products","Metabolism of terpenoids and polyketides"
"K14629","Enoyl reductase","Biosynthesis of type II polyketide products","Metabolism of terpenoids and polyketides"
"K14630","Two-component flavin-dependent monooxygenase","Biosynthesis of type II polyketide products","Metabolism of terpenoids and polyketides"
"K14631","Flavin reductase ActVB","Biosynthesis of type II polyketide products","Metabolism of terpenoids and polyketides"
"K14632","C-6 monooxygenase","Biosynthesis of type II polyketide products","Metabolism of terpenoids and polyketides"
"K14652","3,4-dihydroxy 2-butanone 4-phosphate synthase / GTP cyclohydrolase II","Riboflavin metabolism","Metabolism of cofactors and vitamins"
"K14653","2-amino-5-formylamino-6-ribosylaminopyrimidin-4(3H)-one 5'-monophosphate deformylase","Riboflavin metabolism","Metabolism of cofactors and vitamins"
"K14654","2,5-diamino-6-(ribosylamino)-4(3H)-pyrimidinone 5'-phosphate reductase","Riboflavin metabolism","Metabolism of cofactors and vitamins"
"K14656","FAD synthetase","Riboflavin metabolism","Metabolism of cofactors and vitamins"
"K14681","Argininosuccinate lyase / amino-acid N-acetyltransferase","Alanine, aspartate and glutamate metabolism","Amino acid metabolism"
"K14682","Amino-acid N-acetyltransferase","Arginine biosynthesis","Amino acid metabolism"
"K14727","3-oxoadipate enol-lactonase / 4-carboxymuconolactone decarboxylase","Benzoate degradation","Xenobiotics biodegradation and metabolism"
"K14748","Ethylbenzene dioxygenase subunit alpha","Ethylbenzene degradation","Xenobiotics biodegradation and metabolism"
"K14749","Ethylbenzene dioxygenase subunit beta","Ethylbenzene degradation","Xenobiotics biodegradation and metabolism"
"K14750","Ethylbenzene dioxygenase ferredoxin component","Ethylbenzene degradation","Xenobiotics biodegradation and metabolism"
"K14751","2,3-dihydroxyethylbenzene 1,2-dioxygenase","Ethylbenzene degradation","Xenobiotics biodegradation and metabolism"
"K14940","Gamma-F420-2:alpha-L-glutamate ligase","Methane metabolism","Energy metabolism"
"K14941","2-phospho-L-lactate/phosphoenolpyruvate guanylyltransferase","Methane metabolism","Energy metabolism"
"K14974","6-hydroxynicotinate 3-monooxygenase","Nicotinate and nicotinamide metabolism","Metabolism of cofactors and vitamins"
"K14977","(S)-ureidoglycine aminohydrolase","Purine metabolism","Nucleotide metabolism"
"K15016","Enoyl-CoA hydratase / 3-hydroxyacyl-CoA dehydrogenase","Carbon fixation pathways in prokaryotes","Energy metabolism"
"K15017","Malonyl-CoA/succinyl-CoA reductase (NADPH)","Carbon fixation pathways in prokaryotes","Energy metabolism"
"K15018","3-hydroxypropionyl-coenzyme A synthetase","Carbon fixation pathways in prokaryotes","Energy metabolism"
"K15019","3-hydroxypropionyl-coenzyme A dehydratase","Carbon fixation pathways in prokaryotes","Energy metabolism"
"K15020","Acryloyl-coenzyme A reductase","Carbon fixation pathways in prokaryotes","Energy metabolism"
"K15022","Formate dehydrogenase (NADP+) beta subunit","Carbon fixation pathways in prokaryotes","Energy metabolism"
"K15023","5-methyltetrahydrofolate corrinoid/iron sulfur protein methyltransferase","Carbon fixation pathways in prokaryotes","Energy metabolism"
"K15024","Putative phosphotransacetylase","Pyruvate metabolism","Carbohydrate metabolism"
"K15036","Acetyl-CoA/propionyl-CoA carboxylase","Glyoxylate and dicarboxylate metabolism","Carbohydrate metabolism"
"K15037","Biotin carboxyl carrier protein","Glyoxylate and dicarboxylate metabolism","Carbohydrate metabolism"
"K15038","Succinyl-CoA reductase","Carbon fixation pathways in prokaryotes","Energy metabolism"
"K15039","3-hydroxypropionate dehydrogenase (NADP+)","Carbon fixation pathways in prokaryotes","Energy metabolism"
"K15052","Propionyl-CoA carboxylase","Carbon fixation pathways in prokaryotes","Energy metabolism"
"K15067","2-aminomuconate deaminase","Tryptophan metabolism","Amino acid metabolism"
"K15226","Arogenate dehydrogenase (NADP+)","Phenylalanine, tyrosine and tryptophan biosynthesis","Amino acid metabolism"
"K15228","Methylamine dehydrogenase light chain","Methane metabolism","Energy metabolism"
"K15229","Methylamine dehydrogenase heavy chain","Methane metabolism","Energy metabolism"
"K15230","ATP-citrate lyase alpha-subunit","Citrate cycle (TCA cycle)","Carbohydrate metabolism"
"K15231","ATP-citrate lyase beta-subunit","Citrate cycle (TCA cycle)","Carbohydrate metabolism"
"K15232","Citryl-CoA synthetase large subunit","Carbon fixation pathways in prokaryotes","Energy metabolism"
"K15233","Citryl-CoA synthetase small subunit","Carbon fixation pathways in prokaryotes","Energy metabolism"
"K15234","Citryl-CoA lyase","Carbon fixation pathways in prokaryotes","Energy metabolism"
"K15236","Gamma-hexachlorocyclohexane dehydrochlorinase","Chlorocyclohexane and chlorobenzene degradation","Xenobiotics biodegradation and metabolism"
"K15237","2,5-dichloro-2,5-cyclohexadiene-1,4-diol dehydrogenase 1","Chlorocyclohexane and chlorobenzene degradation","Xenobiotics biodegradation and metabolism"
"K15238","2,5-dichloro-2,5-cyclohexadiene-1,4-diol dehydrogenase 2","Chlorocyclohexane and chlorobenzene degradation","Xenobiotics biodegradation and metabolism"
"K15239","2,5-dichlorohydroquinone reductive dechlorinase","Chlorocyclohexane and chlorobenzene degradation","Xenobiotics biodegradation and metabolism"
"K15241","Tetrachlorohydroquinone reductive dehalogenase","Chlorocyclohexane and chlorobenzene degradation","Xenobiotics biodegradation and metabolism"
"K15242","2,6-dichloro-p-hydroquinone 1,2-dioxygenase","Chlorocyclohexane and chlorobenzene degradation","Xenobiotics biodegradation and metabolism"
"K15253","Chlorocatechol 1,2-dioxygenase","Chlorocyclohexane and chlorobenzene degradation","Xenobiotics biodegradation and metabolism"
"K15314","Enediyne polyketide synthase","Biosynthesis of enediyne antibiotics","Metabolism of terpenoids and polyketides"
"K15320","6-methylsalicylic acid synthase","Biosynthesis of enediyne antibiotics","Metabolism of terpenoids and polyketides"
"K15357","N-formylmaleamate deformylase","Nicotinate and nicotinamide metabolism","Metabolism of cofactors and vitamins"
"K15359","6-hydroxy-3-succinoylpyridine 3-monooxygenase","Nicotinate and nicotinamide metabolism","Metabolism of cofactors and vitamins"
"K15371","Glutamate dehydrogenase","Nitrogen metabolism","Energy metabolism"
"K15372","Taurine---2-oxoglutarate transaminase","beta-Alanine metabolism","Metabolism of other amino acids"
"K15373","Sulfoacetaldehyde reductase","Taurine and hypotaurine metabolism","Metabolism of other amino acids"
"K15376","Gephyrin","Folate biosynthesis","Metabolism of cofactors and vitamins"
"K15408","Cytochrome c oxidase subunit I+III","Oxidative phosphorylation","Energy metabolism"
"K15633","2,3-bisphosphoglycerate-independent phosphoglycerate mutase","Glycolysis / Gluconeogenesis","Carbohydrate metabolism"
"K15634","2,3-bisphosphoglycerate-dependent phosphoglycerate mutase","Glycolysis / Gluconeogenesis","Carbohydrate metabolism"
"K15635","2,3-bisphosphoglycerate-independent phosphoglycerate mutase","Glycolysis / Gluconeogenesis","Carbohydrate metabolism"
"K15652","3-dehydroshikimate dehydratase","Biosynthesis of siderophore group nonribosomal peptides","Metabolism of terpenoids and polyketides"
"K15717","Prostamide/prostaglandin F2alpha synthase","Arachidonic acid metabolism","Lipid metabolism"
"K15729","Microsomal prostaglandin-E synthase 1","Arachidonic acid metabolism","Lipid metabolism"
"K15736","(S)-2-hydroxyglutarate dehydrogenase","Lysine degradation","Amino acid metabolism"
"K15737","Glutarate dioxygenase","Lysine degradation","Amino acid metabolism"
"K15745","Phytoene desaturase (3,4-didehydrolycopene-forming)","Carotenoid biosynthesis","Metabolism of terpenoids and polyketides"
"K15746","Beta-carotene 3-hydroxylase","Carotenoid biosynthesis","Metabolism of terpenoids and polyketides"
"K15749","2,2',3-trihydroxybiphenyl dioxygenase","Dioxin degradation","Xenobiotics biodegradation and metabolism"
"K15750","Biphenyl 2,3-dioxygenase subunit beta","Dioxin degradation","Xenobiotics biodegradation and metabolism"
"K15751","Carbazole 1,9a-dioxygenase","Dioxin degradation","Xenobiotics biodegradation and metabolism"
"K15752","Carbazole 1,9a-dioxygenase ferredoxin component","Dioxin degradation","Xenobiotics biodegradation and metabolism"
"K15753","Carbazole 1,9a-dioxygenase ferredoxin reductase component","Dioxin degradation","Xenobiotics biodegradation and metabolism"
"K15754","2'-aminobiphenyl-2,3-diol 1,2-dioxygenase, small subunit","Dioxin degradation","Xenobiotics biodegradation and metabolism"
"K15755","2'-aminobiphenyl-2,3-diol 1,2-dioxygenase, large subunit","Dioxin degradation","Xenobiotics biodegradation and metabolism"
"K15756","2-hydroxy-6-oxo-6-(2'-aminophenyl)hexa-2,4-dienoate hydrolase","Dioxin degradation","Xenobiotics biodegradation and metabolism"
"K15757","Toluene methyl-monooxygenase","Toluene degradation","Xenobiotics biodegradation and metabolism"
"K15758","Toluene methyl-monooxygenase electron transfer component","Toluene degradation","Xenobiotics biodegradation and metabolism"
"K15760","Toluene monooxygenase system protein A","Toluene degradation","Xenobiotics biodegradation and metabolism"
"K15761","Toluene monooxygenase system protein B","Toluene degradation","Xenobiotics biodegradation and metabolism"
"K15762","Toluene monooxygenase system ferredoxin subunit","Sulfur metabolism","Energy metabolism"
"K15763","Toluene monooxygenase system protein D","Toluene degradation","Xenobiotics biodegradation and metabolism"
"K15764","Toluene monooxygenase system protein E","Toluene degradation","Xenobiotics biodegradation and metabolism"
"K15765","Toluene monooxygenase electron transfer component","Sulfur metabolism","Energy metabolism"
"K15778","Phosphomannomutase / phosphoglucomutase","Glycolysis / Gluconeogenesis","Carbohydrate metabolism"
"K15783","Ectoine hydrolase","Glycine, serine and threonine metabolism","Amino acid metabolism"
"K15784","N2-acetyl-L-2,4-diaminobutanoate deacetylase","Glycine, serine and threonine metabolism","Amino acid metabolism"
"K15786","Aspartate-semialdehyde dehydrogenase","Glycine, serine and threonine metabolism","Amino acid metabolism"
"K15792","MurE/MurF fusion protein","Lysine biosynthesis","Amino acid metabolism"
"K15855","Exo-1,4-beta-D-glucosaminidase","Amino sugar and nucleotide sugar metabolism","Carbohydrate metabolism"
"K15860","Regulatory peptide CiaX","Two-component system","Signal transduction"
"K15862","Cytochrome c oxidase cbb3-type subunit I/II","Oxidative phosphorylation","Energy metabolism"
"K15863","NADH-quinone oxidoreductase subunit L/M","Oxidative phosphorylation","Energy metabolism"
"K15864","Nitrite reductase (NO-forming) / hydroxylamine reductase","Nitrogen metabolism","Energy metabolism"
"K15866","2-(1,2-epoxy-1,2-dihydrophenyl)acetyl-CoA isomerase","Phenylalanine metabolism","Amino acid metabolism"
"K15876","Cytochrome c nitrite reductase small subunit","Nitrogen metabolism","Energy metabolism"
"K15885","C7-C12 aromatase (ARO/CYC)","Biosynthesis of type II polyketide backbone","Metabolism of terpenoids and polyketides"
"K15886","Multifunctional cyclase / dehydratase / O-methyltransferase","Biosynthesis of type II polyketide backbone","Metabolism of terpenoids and polyketides"
"K15893","Glycerate dehydrogenase","Glyoxylate and dicarboxylate metabolism","Carbohydrate metabolism"
"K15894","UDP-N-acetylglucosamine 4,6-dehydratase/5-epimerase","Amino sugar and nucleotide sugar metabolism","Carbohydrate metabolism"
"K15895","UDP-4-amino-4,6-dideoxy-L-N-acetyl-beta-L-altrosamine transaminase","Amino sugar and nucleotide sugar metabolism","Carbohydrate metabolism"
"K15896","UDP-4-amino-4,6-dideoxy-N-acetyl-beta-L-altrosamine N-acetyltransferase","Amino sugar and nucleotide sugar metabolism","Carbohydrate metabolism"
"K15897","UDP-2,4-diacetamido-2,4,6-trideoxy-beta-L-altropyranose hydrolase","Amino sugar and nucleotide sugar metabolism","Carbohydrate metabolism"
"K15898","Pseudaminic acid synthase","Amino sugar and nucleotide sugar metabolism","Carbohydrate metabolism"
"K15899","Pseudaminic acid cytidylyltransferase","Amino sugar and nucleotide sugar metabolism","Carbohydrate metabolism"
"K15907","Pentalenene oxygenase","Sesquiterpenoid and triterpenoid biosynthesis","Metabolism of terpenoids and polyketides"
"K15910","UDP-N-acetylbacillosamine transaminase","Amino sugar and nucleotide sugar metabolism","Carbohydrate metabolism"
"K15912","UDP-N-acetylglucosamine 4,6-dehydratase","Amino sugar and nucleotide sugar metabolism","Carbohydrate metabolism"
"K15913","UDP-N-acetylbacillosamine N-acetyltransferase","Amino sugar and nucleotide sugar metabolism","Carbohydrate metabolism"
"K15916","Glucose/mannose-6-phosphate isomerase","Glycolysis / Gluconeogenesis","Carbohydrate metabolism"
"K15918","D-glycerate 3-kinase","Glyoxylate and dicarboxylate metabolism","Carbohydrate metabolism"
"K15921","Arabinoxylan arabinofuranohydrolase","Amino sugar and nucleotide sugar metabolism","Carbohydrate metabolism"
"K15941","Deoxynogalonate / 12-deoxyaklanonic acid monooxygenase","Biosynthesis of type II polyketide products","Metabolism of terpenoids and polyketides"
"K15942","O-methyltransferase / aklanonic acid methyltransferase","Biosynthesis of type II polyketide products","Metabolism of terpenoids and polyketides"
"K15943","Nogalonic acid methyl ester cyclase / aklanonic acid methyl ester cyclase","Biosynthesis of type II polyketide products","Metabolism of terpenoids and polyketides"
"K15944","Nogalaviketone/aklaviketone reductase","Biosynthesis of type II polyketide products","Metabolism of terpenoids and polyketides"
"K15968","Tetracenomycin F2 cyclase","Biosynthesis of type II polyketide products","Metabolism of terpenoids and polyketides"
"K15969","Tetracenomycin F1 monooxygenase","Biosynthesis of type II polyketide products","Metabolism of terpenoids and polyketides"
"K15970","8-O-methyltransferase","Biosynthesis of type II polyketide products","Metabolism of terpenoids and polyketides"
"K15971","O-methyltransferase","Biosynthesis of type II polyketide products","Metabolism of terpenoids and polyketides"
"K15972","Tetracenomycin A2 monooxygenase-dioxygenase","Biosynthesis of type II polyketide products","Metabolism of terpenoids and polyketides"
"K15982","3-ketosteroid 9alpha-monooxygenase subunit A","Steroid degradation","Xenobiotics biodegradation and metabolism"
"K15983","3-ketosteroid 9alpha-monooxygenase subunit B","Steroid degradation","Xenobiotics biodegradation and metabolism"
"K15996","Macrocin O-methyltransferase","Biosynthesis of 12-, 14- and 16-membered macrolides","Metabolism of terpenoids and polyketides"
"K15997","3-alpha-mycarosylerythronolide B desosaminyl transferase auxiliary protein","Type I polyketide structures","Metabolism of terpenoids and polyketides"
"K16011","Mannose-1-phosphate guanylyltransferase / mannose-6-phosphate isomerase","Fructose and mannose metabolism","Carbohydrate metabolism"
"K16043","Scyllo-inositol 2-dehydrogenase (NAD+)","Inositol phosphate metabolism","Carbohydrate metabolism"
"K16044","Scyllo-inositol 2-dehydrogenase (NADP+)","Inositol phosphate metabolism","Carbohydrate metabolism"
"K16047","3-hydroxy-9,10-secoandrosta-1,3,5(10)-triene-9,17-dione monooxygenase","Steroid degradation","Xenobiotics biodegradation and metabolism"
"K16048","3-hydroxy-9,10-secoandrosta-1,3,5(10)-triene-9,17-dione monooxygenase reductase component","Steroid degradation","Xenobiotics biodegradation and metabolism"
"K16049","3,4-dihydroxy-9,10-secoandrosta-1,3,5(10)-triene-9,17-dione 4,5-dioxygenase","Steroid degradation","Xenobiotics biodegradation and metabolism"
"K16050","4,5:9,10-diseco-3-hydroxy-5,9,17-trioxoandrosta-1(10),2-diene-4-oate hydrolase","Steroid degradation","Xenobiotics biodegradation and metabolism"
"K16055","Trehalose 6-phosphate synthase/phosphatase","Starch and sucrose metabolism","Carbohydrate metabolism"
"K16066","3-hydroxy acid dehydrogenase / malonic semialdehyde reductase","Pyrimidine metabolism","Nucleotide metabolism"
"K16146","Maltokinase","Starch and sucrose metabolism","Carbohydrate metabolism"
"K16147","Starch synthase (maltosyl-transferring)","Starch and sucrose metabolism","Carbohydrate metabolism"
"K16148","Alpha-maltose-1-phosphate synthase","Starch and sucrose metabolism","Carbohydrate metabolism"
"K16149","1,4-alpha-glucan branching enzyme","Starch and sucrose metabolism","Carbohydrate metabolism"
"K16150","Glycogen synthase","Starch and sucrose metabolism","Carbohydrate metabolism"
"K16153","Glycogen phosphorylase/synthase","Starch and sucrose metabolism","Carbohydrate metabolism"
"K16157","Methane monooxygenase component A alpha chain","Methane metabolism","Energy metabolism"
"K16158","Methane monooxygenase component A beta chain","Methane metabolism","Energy metabolism"
"K16159","Methane monooxygenase component A gamma chain","Methane metabolism","Energy metabolism"
"K16160","Methane monooxygenase regulatory protein B","Methane metabolism","Energy metabolism"
"K16161","Methane monooxygenase component C","Methane metabolism","Energy metabolism"
"K16162","Methane monooxygenase component D","Methane metabolism","Energy metabolism"
"K16163","Maleylpyruvate isomerase","Tyrosine metabolism","Amino acid metabolism"
"K16164","Acylpyruvate hydrolase","Tyrosine metabolism","Amino acid metabolism"
"K16165","Fumarylpyruvate hydrolase","Tyrosine metabolism","Amino acid metabolism"
"K16171","Fumarylacetoacetate (FAA) hydrolase","Tyrosine metabolism","Amino acid metabolism"
"K16173","Glutaryl-CoA dehydrogenase (non-decarboxylating)","Benzoate degradation","Xenobiotics biodegradation and metabolism"
"K16176","Methylamine---corrinoid protein Co-methyltransferase","Methane metabolism","Energy metabolism"
"K16177","Monomethylamine corrinoid protein","Methane metabolism","Energy metabolism"
"K16178","Dimethylamine---corrinoid protein Co-methyltransferase","Methane metabolism","Energy metabolism"
"K16179","Dimethylamine corrinoid protein","Methane metabolism","Energy metabolism"
"K16180","Methylornithine synthase","Lysine biosynthesis","Amino acid metabolism"
"K16181","3-methylornithine--L-lysine ligase","Lysine biosynthesis","Amino acid metabolism"
"K16182","3-methylornithyl-N6-L-lysine dehydrogenase","Lysine biosynthesis","Amino acid metabolism"
"K16190","Glucuronokinase","Pentose and glucuronate interconversions","Carbohydrate metabolism"
"K16242","Phenol/toluene 2-monooxygenase (NADH) P3/A3","Benzoate degradation","Xenobiotics biodegradation and metabolism"
"K16243","Phenol/toluene 2-monooxygenase (NADH) P1/A1","Benzoate degradation","Xenobiotics biodegradation and metabolism"
"K16244","Phenol/toluene 2-monooxygenase (NADH) P2/A2","Benzoate degradation","Xenobiotics biodegradation and metabolism"
"K16245","Phenol/toluene 2-monooxygenase (NADH) P4/A4","Benzoate degradation","Xenobiotics biodegradation and metabolism"
"K16246","Phenol/toluene 2-monooxygenase (NADH) P5/A5","Benzoate degradation","Xenobiotics biodegradation and metabolism"
"K16249","Phenol/toluene 2-monooxygenase (NADH) P0/A0","Benzoate degradation","Xenobiotics biodegradation and metabolism"
"K16268","Benzene/toluene/chlorobenzene dioxygenase subunit beta","Benzoate degradation","Xenobiotics biodegradation and metabolism"
"K16269","Cis-1,2-dihydrobenzene-1,2-diol/chlorobenzene dihydrodiol dehydrogenase","Benzoate degradation","Xenobiotics biodegradation and metabolism"
"K16303","P-cumate 2,3-dioxygenase subunit beta","Xylene degradation","Xenobiotics biodegradation and metabolism"
"K16304","P-cumate 2,3-dioxygenase ferredoxin component","Xylene degradation","Xenobiotics biodegradation and metabolism"
"K16305","Fructose-bisphosphate aldolase / 6-deoxy-5-ketofructose 1-phosphate synthase","Glycolysis / Gluconeogenesis","Carbohydrate metabolism"
"K16306","Fructose-bisphosphate aldolase / 2-amino-3,7-dideoxy-D-threo-hept-6-ulosonate synthase","Glycolysis / Gluconeogenesis","Carbohydrate metabolism"
"K16319","Anthranilate 1,2-dioxygenase large subunit","Aminobenzoate degradation","Xenobiotics biodegradation and metabolism"
"K16320","Anthranilate 1,2-dioxygenase small subunit","Aminobenzoate degradation","Xenobiotics biodegradation and metabolism"
"K16342","Cytosolic phospholipase A2","Glycerophospholipid metabolism","Lipid metabolism"
"K16363","UDP-3-O-[3-hydroxymyristoyl] N-acetylglucosamine deacetylase / 3-hydroxyacyl-[acyl-carrier-protein] dehydratase","Fatty acid biosynthesis","Lipid metabolism"
"K16370","6-phosphofructokinase 2","Glycolysis / Gluconeogenesis","Carbohydrate metabolism"
"K16371","D-tagatose-1,6-bisphosphate aldolase subunit GatZ/KbaZ","Galactose metabolism","Carbohydrate metabolism"
"K16421","4-hydroxymandelate synthase","Biosynthesis of vancomycin group antibiotics","Metabolism of terpenoids and polyketides"
"K16422","4-hydroxymandelate oxidase","Biosynthesis of vancomycin group antibiotics","Metabolism of terpenoids and polyketides"
"K16423","(S)-3,5-dihydroxyphenylglycine transaminase","Biosynthesis of vancomycin group antibiotics","Metabolism of terpenoids and polyketides"
"K16431","FAD-dependent halogenase","Biosynthesis of enediyne antibiotics","Metabolism of terpenoids and polyketides"
"K16435","DTDP-4-dehydro-6-deoxy-alpha-D-glucopyranose 2,3-dehydratase","Polyketide sugar unit biosynthesis","Metabolism of terpenoids and polyketides"
"K16436","DTDP-3-amino-2,3,6-trideoxy-4-keto-D-glucose/dTDP-3-amino-3,4,6-trideoxy-alpha-D-glucose/dTDP-2,6-dideoxy-D-kanosamine transaminase","Polyketide sugar unit biosynthesis","Metabolism of terpenoids and polyketides"
"K16437","Methylation protein EvaC","Biosynthesis of vancomycin group antibiotics","Metabolism of terpenoids and polyketides"
"K16438","5-epimerase","Polyketide sugar unit biosynthesis","Metabolism of terpenoids and polyketides"
"K16439","Reductase EvaE","Biosynthesis of vancomycin group antibiotics","Metabolism of terpenoids and polyketides"
"K16514","4-oxalomesaconate tautomerase","Benzoate degradation","Xenobiotics biodegradation and metabolism"
"K16515","4-oxalomesaconate hydratase","Benzoate degradation","Xenobiotics biodegradation and metabolism"
"K16593","Pimeloyl-[acyl-carrier protein] synthase","Biotin metabolism","Metabolism of cofactors and vitamins"
"K16619","Phospholipase C / alpha-toxin","Inositol phosphate metabolism","Carbohydrate metabolism"
"K16649","Rhamnopyranosyl-N-acetylglucosaminyl-diphospho-decaprenol beta-1,3/1,4-galactofuranosyltransferase","Arabinogalactan biosynthesis - Mycobacterium","Glycan biosynthesis and metabolism"
"K16650","Galactofuranosylgalactofuranosylrhamnosyl-N-acetylglucosaminyl-diphospho-decaprenol beta-1,5/1,6-galactofuranosyltransferase","Arabinogalactan biosynthesis - Mycobacterium","Glycan biosynthesis and metabolism"
"K16792","Methanogen homoaconitase large subunit","Methane metabolism","Energy metabolism"
"K16793","Methanogen homoaconitase small subunit","Methane metabolism","Energy metabolism"
"K16838","Urate oxidase / 2-oxo-4-hydroxy-4-carboxy-5-ureidoimidazoline decarboxylase","Purine metabolism","Nucleotide metabolism"
"K16839","FAD-dependent urate hydroxylase","Purine metabolism","Nucleotide metabolism"
"K16840","2-oxo-4-hydroxy-4-carboxy-5-ureidoimidazoline decarboxylase","Purine metabolism","Nucleotide metabolism"
"K16841","Allantoin racemase","Purine metabolism","Nucleotide metabolism"
"K16842","Allantoinase","Purine metabolism","Nucleotide metabolism"
"K16843","(S)-sulfolactate dehydrogenase","Cysteine and methionine metabolism","Amino acid metabolism"
"K16844","(2R)-3-sulfolactate dehydrogenase (NADP+)","Cysteine and methionine metabolism","Amino acid metabolism"
"K16845","(2R)-sulfolactate sulfo-lyase subunit alpha","Cysteine and methionine metabolism","Amino acid metabolism"
"K16846","(2R)-sulfolactate sulfo-lyase subunit beta","Cysteine and methionine metabolism","Amino acid metabolism"
"K16849","Altronate dehydratase small subunit","Pentose and glucuronate interconversions","Carbohydrate metabolism"
"K16850","Altronate dehydratase large subunit","Pentose and glucuronate interconversions","Carbohydrate metabolism"
"K16856","Ureidoglycolate lyase","Purine metabolism","Nucleotide metabolism"
"K16870","N-acetylglucosaminyl-diphospho-decaprenol L-rhamnosyltransferase","Arabinogalactan biosynthesis - Mycobacterium","Glycan biosynthesis and metabolism"
"K16871","4-aminobutyrate---pyruvate transaminase","Butanoate metabolism","Carbohydrate metabolism"
"K16873","5-(hydroxymethyl)furfural/furfural oxidase","Furfural degradation","Xenobiotics biodegradation and metabolism"
"K16876","2-furoate---CoA ligase","Furfural degradation","Xenobiotics biodegradation and metabolism"
"K16877","2-furoyl-CoA dehydrogenase large subunit","Furfural degradation","Xenobiotics biodegradation and metabolism"
"K16878","2-furoyl-CoA dehydrogenase FAD binding subunit","Furfural degradation","Xenobiotics biodegradation and metabolism"
"K16879","2-furoyl-CoA dehydrogenase 2Fe-2S iron sulfur subunit","Furfural degradation","Xenobiotics biodegradation and metabolism"
"K16880","2-oxoglutaroyl-CoA hydrolase","Furfural degradation","Xenobiotics biodegradation and metabolism"
"K16881","Mannose-1-phosphate guanylyltransferase / phosphomannomutase","Fructose and mannose metabolism","Carbohydrate metabolism"
"K16901","Anthranilate 3-monooxygenase (FAD) / 4-hydroxyphenylacetate 3-monooxygenase","Tyrosine metabolism","Amino acid metabolism"
"K16902","FAD reductase [NAD(P)H]","Tyrosine metabolism","Amino acid metabolism"
"K16936","Thiosulfate dehydrogenase (quinone) small subunit","Sulfur metabolism","Energy metabolism"
"K16937","Thiosulfate dehydrogenase (quinone) large subunit","Sulfur metabolism","Energy metabolism"
"K16950","Anaerobic sulfite reductase subunit A","Sulfur metabolism","Energy metabolism"
"K16951","Anaerobic sulfite reductase subunit B","Sulfur metabolism","Energy metabolism"
"K16952","Sulfur oxygenase/reductase","Sulfur metabolism","Energy metabolism"
"K16953","Dimethylpropiothetin dethiomethylase","Sulfur metabolism","Energy metabolism"
"K16954","Methylthiol:coenzyme M methyltransferase","Sulfur metabolism","Energy metabolism"
"K16955","Methylated-thiol--corrinoid protein","Sulfur metabolism","Energy metabolism"
"K16964","Dimethylsulfide dehydrogenase subunit alpha","Sulfur metabolism","Energy metabolism"
"K16965","Dimethylsulfide dehydrogenase subunit beta","Sulfur metabolism","Energy metabolism"
"K16966","Dimethylsulfide dehydrogenase subunit gamma","Sulfur metabolism","Energy metabolism"
"K16968","Methanesulfonate monooxygenase subunit alpha","Sulfur metabolism","Energy metabolism"
"K16969","Methanesulfonate monooxygenase subunit beta","Sulfur metabolism","Energy metabolism"
"K17048","Ethylbenzene hydroxylase subunit beta","Ethylbenzene degradation","Xenobiotics biodegradation and metabolism"
"K17049","Ethylbenzene hydroxylase subunit gamma","Ethylbenzene degradation","Xenobiotics biodegradation and metabolism"
"K17067","Formaldehyde dismutase / methanol dehydrogenase","Methane metabolism","Energy metabolism"
"K17103","CDP-diacylglycerol---serine O-phosphatidyltransferase","Glycerophospholipid metabolism","Lipid metabolism"
"K17108","Non-lysosomal glucosylceramidase","Sphingolipid metabolism","Lipid metabolism"
"K17195","D-allulose-6-phosphate 3-epimerase","Fructose and mannose metabolism","Carbohydrate metabolism"
"K17216","Cystathionine beta-synthase (O-acetyl-L-serine)","Cysteine and methionine metabolism","Amino acid metabolism"
"K17217","Cystathionine gamma-lyase / homocysteine desulfhydrase","Sulfur metabolism","Energy metabolism"
"K17219","Sulfur reductase molybdopterin subunit","Sulfur metabolism","Energy metabolism"
"K17220","Sulfur reductase FeS subunit","Sulfur metabolism","Energy metabolism"
"K17221","Sulfur reductase membrane anchor","Sulfur metabolism","Energy metabolism"
"K17222","L-cysteine S-thiosulfotransferase","Sulfur metabolism","Energy metabolism"
"K17223","L-cysteine S-thiosulfotransferase","Sulfur metabolism","Energy metabolism"
"K17224","S-sulfosulfanyl-L-cysteine sulfohydrolase","Sulfur metabolism","Energy metabolism"
"K17225","Sulfane dehydrogenase subunit SoxC","Sulfur metabolism","Energy metabolism"
"K17226","Sulfur-oxidizing protein SoxY","Sulfur metabolism","Energy metabolism"
"K17227","Sulfur-oxidizing protein SoxZ","Sulfur metabolism","Energy metabolism"
"K17228","Dimethylsulfone monooxygenase","Sulfur metabolism","Energy metabolism"
"K17229","Sulfide dehydrogenase [flavocytochrome c] flavoprotein chain","Sulfur metabolism","Energy metabolism"
"K17230","Cytochrome subunit of sulfide dehydrogenase","Sulfur metabolism","Energy metabolism"
"K17285","Methanethiol oxidase","Sulfur metabolism","Energy metabolism"
"K17398","DNA (cytosine-5)-methyltransferase 3A","Cysteine and methionine metabolism","Amino acid metabolism"
"K17462","Putative AdoMet-dependent methyltransferase","Cysteine and methionine metabolism","Amino acid metabolism"
"K17463","2-dehydro-3-deoxy-phosphogluconate aldolase","Pentose phosphate pathway","Carbohydrate metabolism"
"K17476","Pentalenolactone synthase","Biosynthesis of various secondary metabolites - part 1","Biosynthesis of other secondary metabolites"
"K17486","Dimethylsulfoniopropionate demethylase","Sulfur metabolism","Energy metabolism"
"K17487","7,8-dihydroneopterin 2',3'-cyclic phosphate phosphodiesterase","Folate biosynthesis","Metabolism of cofactors and vitamins"
"K17488","GTP cyclohydrolase IV","Folate biosynthesis","Metabolism of cofactors and vitamins"
"K17625","DTDP-4-keto-6-deoxyhexose reductase","Polyketide sugar unit biosynthesis","Metabolism of terpenoids and polyketides"
"K17716","UDP-glucose 4-epimerase","Galactose metabolism","Carbohydrate metabolism"
"K17717","Phospholipase D","Glycerophospholipid metabolism","Lipid metabolism"
"K17722","Dihydropyrimidine dehydrogenase (NAD+) subunit PreT","Pyrimidine metabolism","Nucleotide metabolism"
"K17723","Dihydropyrimidine dehydrogenase (NAD+) subunit PreA","Pyrimidine metabolism","Nucleotide metabolism"
"K17743","D-xylose reductase","Pentose and glucuronate interconversions","Carbohydrate metabolism"
"K17744","L-galactose dehydrogenase","Ascorbate and aldarate metabolism","Carbohydrate metabolism"
"K17745","Sepiapterin reductase","Folate biosynthesis","Metabolism of cofactors and vitamins"
"K17747","1-deoxy-11beta-hydroxypentalenate dehydrogenase","Biosynthesis of various secondary metabolites - part 1","Biosynthesis of other secondary metabolites"
"K17748","Benzylmalate synthase","Phenylalanine, tyrosine and tryptophan biosynthesis","Amino acid metabolism"
"K17749","3-benzylmalate isomerase","Phenylalanine, tyrosine and tryptophan biosynthesis","Amino acid metabolism"
"K17750","3-benzylmalate dehydrogenase","Phenylalanine, tyrosine and tryptophan biosynthesis","Amino acid metabolism"
"K17753","Isocitrate--homoisocitrate dehydrogenase","Citrate cycle (TCA cycle)","Carbohydrate metabolism"
"K17755","Choline oxidase","Glycine, serine and threonine metabolism","Amino acid metabolism"
"K17818","D-arabinitol dehydrogenase (NADP+)","Pentose and glucuronate interconversions","Carbohydrate metabolism"
"K17828","Dihydroorotate dehydrogenase (NAD+) catalytic subunit","Pyrimidine metabolism","Nucleotide metabolism"
"K17829","Crotonyl-CoA reductase","Butanoate metabolism","Carbohydrate metabolism"
"K17865","3-hydroxybutyryl-CoA dehydratase","Glyoxylate and dicarboxylate metabolism","Carbohydrate metabolism"
"K17872","Demethylphylloquinone reductase","Ubiquinone and other terpenoid-quinone biosynthesis","Metabolism of cofactors and vitamins"
"K17898","D-ornithine 4,5-aminomutase subunit beta","D-Arginine and D-ornithine metabolism","Metabolism of other amino acids"
"K17899","D-ornithine 4,5-aminomutase subunit alpha","D-Arginine and D-ornithine metabolism","Metabolism of other amino acids"
"K17939","GDP-perosamine N-acetyltransferase","Amino sugar and nucleotide sugar metabolism","Carbohydrate metabolism"
"K17942","Phosphomevalonate decarboxylase","Terpenoid backbone biosynthesis","Metabolism of terpenoids and polyketides"
"K17950","L-cysteate sulfo-lyase","Cysteine and methionine metabolism","Amino acid metabolism"
"K17989","L-serine/L-threonine ammonia-lyase","Glycine, serine and threonine metabolism","Amino acid metabolism"
"K18011","Beta-lysine 5,6-aminomutase beta subunit","Lysine degradation","Amino acid metabolism"
"K18012","L-erythro-3,5-diaminohexanoate dehydrogenase","Lysine degradation","Amino acid metabolism"
"K18013","3-keto-5-aminohexanoate cleavage enzyme","Lysine degradation","Amino acid metabolism"
"K18014","3-aminobutyryl-CoA ammonia-lyase","Lysine degradation","Amino acid metabolism"
"K18020","Glyceraldehyde dehydrogenase large subunit","Pentose phosphate pathway","Carbohydrate metabolism"
"K18021","Glyceraldehyde dehydrogenase medium subunit","Pentose phosphate pathway","Carbohydrate metabolism"
"K18022","Glyceraldehyde dehydrogenase small subunit","Pentose phosphate pathway","Carbohydrate metabolism"
"K18028","2,5-dihydroxypyridine 5,6-dioxygenase","Nicotinate and nicotinamide metabolism","Metabolism of cofactors and vitamins"
"K18029","Nicotinate dehydrogenase subunit A","Nicotinate and nicotinamide metabolism","Metabolism of cofactors and vitamins"
"K18030","Nicotinate dehydrogenase subunit B","Nicotinate and nicotinamide metabolism","Metabolism of cofactors and vitamins"
"K18049","Methylphosphonate synthase","Phosphonate and phosphinate metabolism","Metabolism of other amino acids"
"K18056","1-deoxypentalenic acid 11beta-hydroxylase","Biosynthesis of various secondary metabolites - part 1","Biosynthesis of other secondary metabolites"
"K18057","Pentalenolactone F synthase","Biosynthesis of various secondary metabolites - part 1","Biosynthesis of other secondary metabolites"
"K18062","Cephamycin C biosynthesis protein","Penicillin and cephalosporin biosynthesis","Biosynthesis of other secondary metabolites"
"K18067","Phthalate 4,5-cis-dihydrodiol dehydrogenase","Polycyclic aromatic hydrocarbon degradation","Xenobiotics biodegradation and metabolism"
"K18068","Phthalate 4,5-dioxygenase","Polycyclic aromatic hydrocarbon degradation","Xenobiotics biodegradation and metabolism"
"K18069","Phthalate 4,5-dioxygenase reductase component","Polycyclic aromatic hydrocarbon degradation","Xenobiotics biodegradation and metabolism"
"K18074","Terephthalate 1,2-dioxygenase oxygenase component alpha subunit","Polycyclic aromatic hydrocarbon degradation","Xenobiotics biodegradation and metabolism"
"K18075","Terephthalate 1,2-dioxygenase oxygenase component beta subunit","Polycyclic aromatic hydrocarbon degradation","Xenobiotics biodegradation and metabolism"
"K18076","1,2-dihydroxy-3,5-cyclohexadiene-1,4-dicarboxylate dehydrogenase","Polycyclic aromatic hydrocarbon degradation","Xenobiotics biodegradation and metabolism"
"K18077","Terephthalate 1,2-dioxygenase reductase component","Polycyclic aromatic hydrocarbon degradation","Xenobiotics biodegradation and metabolism"
"K18087","Biphenyl 2,3-dioxygenase ferredoxin component","Dioxin degradation","Xenobiotics biodegradation and metabolism"
"K18088","Biphenyl 2,3-dioxygenase ferredoxin reductase component","Dioxin degradation","Xenobiotics biodegradation and metabolism"
"K18089","Benzene/toluene/chlorobenzene dioxygenase ferredoxin component","Benzoate degradation","Xenobiotics biodegradation and metabolism"
"K18090","Benzene/toluene/chlorobenzene dioxygenase ferredoxin reductase component","Benzoate degradation","Xenobiotics biodegradation and metabolism"
"K18091","Pentalenolactone D synthase","Biosynthesis of various secondary metabolites - part 1","Biosynthesis of other secondary metabolites"
"K18092","2-hydroxy-6-oxo-octa-2,4-dienoate hydrolase","Ethylbenzene degradation","Xenobiotics biodegradation and metabolism"
"K18106","D-galacturonate reductase","Pentose and glucuronate interconversions","Carbohydrate metabolism"
"K18118","Succinyl-CoA:acetate CoA-transferase","Citrate cycle (TCA cycle)","Carbohydrate metabolism"
"K18119","Succinate-semialdehyde dehydrogenase","Butanoate metabolism","Carbohydrate metabolism"
"K18120","4-hydroxybutyrate dehydrogenase","Butanoate metabolism","Carbohydrate metabolism"
"K18121","Glyoxylate/succinic semialdehyde reductase","Glyoxylate and dicarboxylate metabolism","Carbohydrate metabolism"
"K18122","4-hydroxybutyrate CoA-transferase","Butanoate metabolism","Carbohydrate metabolism"
"K18123","4-hydroxy-2-oxoglutarate aldolase","Glyoxylate and dicarboxylate metabolism","Carbohydrate metabolism"
"K18124","Glucose/galactose 1-dehydrogenase (NADP+)","Pentose phosphate pathway","Carbohydrate metabolism"
"K18125","Aldose 1-dehydrogenase [NAD(P)+]","Pentose phosphate pathway","Carbohydrate metabolism"
"K18126","2-dehydro-3-deoxygluconokinase / 2-dehydro-3-deoxygalactonokinase","Pentose phosphate pathway","Carbohydrate metabolism"
"K18127","2-dehydro-3-deoxy-D-gluconate aldolase","Pentose phosphate pathway","Carbohydrate metabolism"
"K18128","D-glyceraldehyde dehydrogenase (NADP+)","Pentose phosphate pathway","Carbohydrate metabolism"
"K18151","Ureidoglycolate amidohydrolase","Purine metabolism","Nucleotide metabolism"
"K18153","NAD+ glycohydrolase","Nicotinate and nicotinamide metabolism","Metabolism of cofactors and vitamins"
"K18209","Fumarate reductase (CoM/CoB) subunit A","Carbon fixation pathways in prokaryotes","Energy metabolism"
"K18210","Fumarate reductase (CoM/CoB) subunit B","Carbon fixation pathways in prokaryotes","Energy metabolism"
"K18223","Propane 2-monooxygenase large subunit","Propanoate metabolism","Carbohydrate metabolism"
"K18224","Propane 2-monooxygenase small subunit","Propanoate metabolism","Carbohydrate metabolism"
"K18225","Propane monooxygenase reductase component","Propanoate metabolism","Carbohydrate metabolism"
"K18226","Propane monooxygenase coupling protein","Propanoate metabolism","Carbohydrate metabolism"
"K18227","P-cumate 2,3-dioxygenase ferredoxin reductase component","Xylene degradation","Xenobiotics biodegradation and metabolism"
"K18240","Chorismate lyase / 3-hydroxybenzoate synthase","Phenylalanine, tyrosine and tryptophan biosynthesis","Amino acid metabolism"
"K18242","Salicylate 5-hydroxylase large subunit","Naphthalene degradation","Xenobiotics biodegradation and metabolism"
"K18243","Salicylate 5-hydroxylase small subunit","Naphthalene degradation","Xenobiotics biodegradation and metabolism"
"K18248","Anthranilate 1,2-dioxygenase ferredoxin component","Aminobenzoate degradation","Xenobiotics biodegradation and metabolism"
"K18249","Anthranilate 1,2-dioxygenase ferredoxin reductase component","Aminobenzoate degradation","Xenobiotics biodegradation and metabolism"
"K18251","Phthalate 3,4-dioxygenase subunit alpha","Polycyclic aromatic hydrocarbon degradation","Xenobiotics biodegradation and metabolism"
"K18252","Phthalate 3,4-dioxygenase subunit beta","Polycyclic aromatic hydrocarbon degradation","Xenobiotics biodegradation and metabolism"
"K18253","Phthalate 3,4-dioxygenase ferredoxin component","Polycyclic aromatic hydrocarbon degradation","Xenobiotics biodegradation and metabolism"
"K18254","Phthalate 3,4-dioxygenase ferredoxin reductase component","Polycyclic aromatic hydrocarbon degradation","Xenobiotics biodegradation and metabolism"
"K18255","Phthalate 3,4-cis-dihydrodiol dehydrogenase","Polycyclic aromatic hydrocarbon degradation","Xenobiotics biodegradation and metabolism"
"K18256","3,4-dihydroxyphthalate decarboxylase","Polycyclic aromatic hydrocarbon degradation","Xenobiotics biodegradation and metabolism"
"K18257","Cis-3,4-dihydrophenanthrene-3,4-diol dehydrogenase","Polycyclic aromatic hydrocarbon degradation","Xenobiotics biodegradation and metabolism"
"K18276","6-hydroxy-3-succinoylpyridine 3-monooxygenase","Nicotinate and nicotinamide metabolism","Metabolism of cofactors and vitamins"
"K18277","Trimethylamine monooxygenase","Methane metabolism","Energy metabolism"
"K18282","Cyanide dihydratase","Cyanoamino acid metabolism","Metabolism of other amino acids"
"K18284","Adenosylhomocysteine/aminodeoxyfutalosine nucleosidase","Cysteine and methionine metabolism","Amino acid metabolism"
"K18288","Itaconate CoA-transferase","C5-Branched dibasic acid metabolism","Carbohydrate metabolism"
"K18289","Itaconate CoA-transferase","C5-Branched dibasic acid metabolism","Carbohydrate metabolism"
"K18290","Itaconyl-CoA hydratase","C5-Branched dibasic acid metabolism","Carbohydrate metabolism"
"K18291","Itaconyl-CoA hydratase / mesaconyl-C4 CoA hydratase","C5-Branched dibasic acid metabolism","Carbohydrate metabolism"
"K18292","(S)-citramalyl-CoA lyase","C5-Branched dibasic acid metabolism","Carbohydrate metabolism"
"K18293","P-cymene methyl-monooxygenase electron transfer component","Xylene degradation","Xenobiotics biodegradation and metabolism"
"K18310","Beta-citrylglutamate/N-acetylaspartylglutamate synthase","Alanine, aspartate and glutamate metabolism","Amino acid metabolism"
"K18312","Styrene-oxide isomerase","Styrene degradation","Xenobiotics biodegradation and metabolism"
"K18315","(5R)-carbapenem-3-carboxylate synthase","Carbapenem biosynthesis","Biosynthesis of other secondary metabolites"
"K18316","Carbapenam-3-carboxylate synthase","Carbapenem biosynthesis","Biosynthesis of other secondary metabolites"
"K18317","Carboxymethylproline synthase","Carbapenem biosynthesis","Biosynthesis of other secondary metabolites"
"K18318","Carbapenem biosynthesis protein, putative proline dehydrogenase","Carbapenem biosynthesis","Biosynthesis of other secondary metabolites"
"K18319","Carbapenem biosynthesis protein CpmE","Carbapenem biosynthesis","Biosynthesis of other secondary metabolites"
"K18333","L-fucose dehydrogenase","Fructose and mannose metabolism","Carbohydrate metabolism"
"K18334","L-fuconate dehydratase","Fructose and mannose metabolism","Carbohydrate metabolism"
"K18335","2-keto-3-deoxy-L-fuconate dehydrogenase","Fructose and mannose metabolism","Carbohydrate metabolism"
"K18336","2,4-didehydro-3-deoxy-L-rhamnonate hydrolase","Fructose and mannose metabolism","Carbohydrate metabolism"
"K18337","L-rhamnose 1-dehydrogenase","Fructose and mannose metabolism","Carbohydrate metabolism"
"K18355","Phenylglyoxylate dehydrogenase alpha subunit","Phenylalanine metabolism","Amino acid metabolism"
"K18356","Phenylglyoxylate dehydrogenase beta subunit","Phenylalanine metabolism","Amino acid metabolism"
"K18357","Phenylglyoxylate dehydrogenase gamma subunit","Phenylalanine metabolism","Amino acid metabolism"
"K18358","Phenylglyoxylate dehydrogenase delta subunit","Phenylalanine metabolism","Amino acid metabolism"
"K18359","Phenylglyoxylate dehydrogenase epsilon subunit","Phenylalanine metabolism","Amino acid metabolism"
"K18360","Phenylacetyl-CoA:acceptor oxidoreductase accessory protein","Phenylalanine metabolism","Amino acid metabolism"
"K18361","Phenylacetyl-CoA:acceptor oxidoreductase","Phenylalanine metabolism","Amino acid metabolism"
"K18362","Phenylacetyl-CoA:acceptor oxidoreductase 27-kDa subunit","Phenylalanine metabolism","Amino acid metabolism"
"K18363","Phenylacetyl-CoA:acceptor oxidoreductase 26-kDa subunit","Phenylalanine metabolism","Amino acid metabolism"
"K18364","2-oxopent-4-enoate/cis-2-oxohex-4-enoate hydratase","Benzoate degradation","Xenobiotics biodegradation and metabolism"
"K18365","4-hydroxy-2-oxovalerate/4-hydroxy-2-oxohexanoate aldolase","Benzoate degradation","Xenobiotics biodegradation and metabolism"
"K18366","Acetaldehyde/propanal dehydrogenase","Pyruvate metabolism","Carbohydrate metabolism"
"K18369","Alcohol dehydrogenase","Propanoate metabolism","Carbohydrate metabolism"
"K18370","Alcohol dehydrogenase","Propanoate metabolism","Carbohydrate metabolism"
"K18371","Acetone monooxygenase (methyl acetate-forming)","Propanoate metabolism","Carbohydrate metabolism"
"K18372","Methyl acetate hydrolase","Propanoate metabolism","Carbohydrate metabolism"
"K18382","NAD+-dependent secondary alcohol dehydrogenase Adh1","Propanoate metabolism","Carbohydrate metabolism"
"K18383","Feruloyl-CoA hydratase/lyase","Biosynthesis of various secondary metabolites - part 2","Biosynthesis of other secondary metabolites"
"K18429","GDP/UDP-N,N'-diacetylbacillosamine 2-epimerase (hydrolysing)","Amino sugar and nucleotide sugar metabolism","Carbohydrate metabolism"
"K18430","N,N'-diacetyllegionaminate synthase","Amino sugar and nucleotide sugar metabolism","Carbohydrate metabolism"
"K18431","CMP-N,N'-diacetyllegionaminic acid synthase","Amino sugar and nucleotide sugar metabolism","Carbohydrate metabolism"
"K18471","Methylglyoxal reductase","Propanoate metabolism","Carbohydrate metabolism"
"K18472","Acetyl-CoA/propionyl-CoA carboxylase carboxyl transferase subunit","Pyruvate metabolism","Carbohydrate metabolism"
"K18473","Acetoacetyl-[acyl-carrier protein] synthase","Fatty acid biosynthesis","Lipid metabolism"
"K18534","MPBQ/MSBQ methyltransferase","Ubiquinone and other terpenoid-quinone biosynthesis","Metabolism of cofactors and vitamins"
"K18556","NADH-dependent fumarate reductase subunit A","Carbon fixation pathways in prokaryotes","Energy metabolism"
"K18557","NADH-dependent fumarate reductase subunit B","Carbon fixation pathways in prokaryotes","Energy metabolism"
"K18558","NADH-dependent fumarate reductase subunit C","Carbon fixation pathways in prokaryotes","Energy metabolism"
"K18562","2-oxoglutarate-dependent dioxygenase","Carbapenem biosynthesis","Biosynthesis of other secondary metabolites"
"K18582","Carbapenam-3-carboxylate synthase","Carbapenem biosynthesis","Biosynthesis of other secondary metabolites"
"K18583","Carboxymethylproline synthase","Carbapenem biosynthesis","Biosynthesis of other secondary metabolites"
"K18589","Dihydrofolate reductase (trimethoprim resistance protein)","Folate biosynthesis","Metabolism of cofactors and vitamins"
"K18590","Dihydrofolate reductase (trimethoprim resistance protein)","Folate biosynthesis","Metabolism of cofactors and vitamins"
"K18591","Dihydrofolate reductase (trimethoprim resistance protein)","Folate biosynthesis","Metabolism of cofactors and vitamins"
"K18593","4-hydroxybutyrate---CoA ligase (ADP-forming)","Carbon fixation pathways in prokaryotes","Energy metabolism"
"K18594","3-hydroxypropionyl-CoA synthetase (ADP-forming)","Carbon fixation pathways in prokaryotes","Energy metabolism"
"K18602","Malonic semialdehyde reductase","Carbon fixation pathways in prokaryotes","Energy metabolism"
"K18603","Acetyl-CoA/propionyl-CoA carboxylase","Carbon fixation pathways in prokaryotes","Energy metabolism"
"K18604","Acetyl-CoA/propionyl-CoA carboxylase","Carbon fixation pathways in prokaryotes","Energy metabolism"
"K18605","Biotin carboxyl carrier protein","Carbon fixation pathways in prokaryotes","Energy metabolism"
"K18607","Pyridoxine 4-oxidase","Vitamin B6 metabolism","Metabolism of cofactors and vitamins"
"K18649","Inositol-phosphate phosphatase / L-galactose 1-phosphate phosphatase / histidinol-phosphatase","Ascorbate and aldarate metabolism","Carbohydrate metabolism"
"K18652","Glucose-6-phosphate 3-dehydrogenase","Biosynthesis of various secondary metabolites - part 2","Biosynthesis of other secondary metabolites"
"K18653","3-dehydro-glucose-6-phosphate---glutamate transaminase","Biosynthesis of various secondary metabolites - part 2","Biosynthesis of other secondary metabolites"
"K18654","Kanosamine-6-phosphate phosphatase","Biosynthesis of various secondary metabolites - part 2","Biosynthesis of other secondary metabolites"
"K18660","Malonyl-CoA/methylmalonyl-CoA synthetase","Fatty acid biosynthesis","Lipid metabolism"
"K18661","Malonyl-CoA/methylmalonyl-CoA synthetase","Valine, leucine and isoleucine degradation","Amino acid metabolism"
"K18662","Malonyl-CoA/methylmalonyl-CoA synthetase","Valine, leucine and isoleucine degradation","Amino acid metabolism"
"K18675","N,N'-diacetylchitobiose phosphorylase","Amino sugar and nucleotide sugar metabolism","Carbohydrate metabolism"
"K18676","Glucosamine kinase","Amino sugar and nucleotide sugar metabolism","Carbohydrate metabolism"
"K18677","Galacturonokinase","Amino sugar and nucleotide sugar metabolism","Carbohydrate metabolism"
"K18687","HIP---CoA ligase","Steroid degradation","Xenobiotics biodegradation and metabolism"
"K18689","Mevalonate-3-kinase","Terpenoid backbone biosynthesis","Metabolism of terpenoids and polyketides"
"K18690","Mevalonate-3-phosphate-5-kinase","Terpenoid backbone biosynthesis","Metabolism of terpenoids and polyketides"
"K18800","2-polyprenylphenol 6-hydroxylase","Ubiquinone and other terpenoid-quinone biosynthesis","Metabolism of cofactors and vitamins"
"K18818","Mannosylglycerate synthase","Fructose and mannose metabolism","Carbohydrate metabolism"
"K18824","Dihydropteroate synthase type 2","Folate biosynthesis","Metabolism of cofactors and vitamins"
"K18825","Dihydropteroate synthase type 3","Folate biosynthesis","Metabolism of cofactors and vitamins"
"K18836","Reductase VcaE","Biosynthesis of vancomycin group antibiotics","Metabolism of terpenoids and polyketides"
"K18851","Diacylglycerol O-acyltransferase / trehalose O-mycolyltransferase","Glycerolipid metabolism","Lipid metabolism"
"K18859","Succinate dehydrogenase / fumarate reductase, subunit D","Citrate cycle (TCA cycle)","Carbohydrate metabolism"
"K18860","Putative succinate dehydrogenase / fumarate reductase, subunit D","Citrate cycle (TCA cycle)","Carbohydrate metabolism"
"K18861","4-hydroxybutyrate---CoA ligase (AMP-forming)","Carbon fixation pathways in prokaryotes","Energy metabolism"
"K18896","Glycine/sarcosine N-methyltransferase","Glycine, serine and threonine metabolism","Amino acid metabolism"
"K18897","Sarcosine/dimethylglycine N-methyltransferase","Glycine, serine and threonine metabolism","Amino acid metabolism"
"K18911","L-histidine Nalpha-methyltransferase","Histidine metabolism","Amino acid metabolism"
"K18912","Gamma-glutamyl hercynylcysteine S-oxide synthase","Histidine metabolism","Amino acid metabolism"
"K18913","Hercynylcysteine S-oxide lyase","Histidine metabolism","Amino acid metabolism"
"K18933","Tyrosine decarboxylase / aspartate 1-decarboxylase","Methane metabolism","Energy metabolism"
"K18966","Sulfinoalanine decarboxylase / aspartate 1-decarboxylase","beta-Alanine metabolism","Metabolism of other amino acids"
"K18974","Dihydropteroate synthase type 1","Folate biosynthesis","Metabolism of cofactors and vitamins"
"K18978","Glyceraldehyde-3-phosphate dehydrogenase [NAD(P)+]","Glycolysis / Gluconeogenesis","Carbohydrate metabolism"
"K18981","Uronate dehydrogenase","Ascorbate and aldarate metabolism","Carbohydrate metabolism"
"K18982","D-galactarolactone isomerase","Ascorbate and aldarate metabolism","Carbohydrate metabolism"
"K18983","D-galactarolactone cycloisomerase","Ascorbate and aldarate metabolism","Carbohydrate metabolism"
"K19002","1,2-diacylglycerol 3-alpha-glucosyltransferase","Glycerolipid metabolism","Lipid metabolism"
"K19003","1,2-diacylglycerol 3-beta-glucosyltransferase","Glycerolipid metabolism","Lipid metabolism"
"K19004","Processive 1,2-diacylglycerol beta-glycosyltransferase","Glycerolipid metabolism","Lipid metabolism"
"K19005","Lipoteichoic acid synthase","Glycerolipid metabolism","Lipid metabolism"
"K19064","Lysine 6-dehydrogenase","Tropane, piperidine and pyridine alkaloid biosynthesis","Biosynthesis of other secondary metabolites"
"K19067","Cyclohexane-1-carbonyl-CoA dehydrogenase","Benzoate degradation","Xenobiotics biodegradation and metabolism"
"K19073","Divinyl chlorophyllide a 8-vinyl-reductase","Porphyrin and chlorophyll metabolism","Metabolism of cofactors and vitamins"
"K19102","Nocardicin nonribosomal peptide synthetase NocA","Monobactam biosynthesis","Biosynthesis of other secondary metabolites"
"K19103","Nocardicin nonribosomal peptide synthetase NocB","Monobactam biosynthesis","Biosynthesis of other secondary metabolites"
"K19104","Isonocardicin synthase","Monobactam biosynthesis","Biosynthesis of other secondary metabolites"
"K19105","Nocardicin-A epimerase","Monobactam biosynthesis","Biosynthesis of other secondary metabolites"
"K19106","Nocardicin N-oxygenase","Monobactam biosynthesis","Biosynthesis of other secondary metabolites"
"K19185","6-hydroxypseudooxynicotine dehydrogenase subunit alpha","Nicotinate and nicotinamide metabolism","Metabolism of cofactors and vitamins"
"K19186","6-hydroxypseudooxynicotine dehydrogenase subunit beta","Nicotinate and nicotinamide metabolism","Metabolism of cofactors and vitamins"
"K19187","6-hydroxypseudooxynicotine dehydrogenase subunit gamma","Nicotinate and nicotinamide metabolism","Metabolism of cofactors and vitamins"
"K19188","2,6-dihydroxypseudooxynicotine hydrolase","Nicotinate and nicotinamide metabolism","Metabolism of cofactors and vitamins"
"K19200","Isopenicillin-N N-acyltransferase like protein","Penicillin and cephalosporin biosynthesis","Biosynthesis of other secondary metabolites"
"K19221","Cob(I)alamin adenosyltransferase","Porphyrin and chlorophyll metabolism","Metabolism of cofactors and vitamins"
"K19222","1,4-dihydroxy-2-naphthoyl-CoA hydrolase","Ubiquinone and other terpenoid-quinone biosynthesis","Metabolism of cofactors and vitamins"
"K19243","NAD+ dependent glucose-6-phosphate dehydrogenase","Pentose phosphate pathway","Carbohydrate metabolism"
"K19244","Alanine dehydrogenase","Alanine, aspartate and glutamate metabolism","Amino acid metabolism"
"K19246","Arachidonate 15-lipoxygenase","Arachidonic acid metabolism","Lipid metabolism"
"K19266","Lactaldehyde dehydrogenase","Pyruvate metabolism","Carbohydrate metabolism"
"K19267","NAD(P)H dehydrogenase (quinone)","Ubiquinone and other terpenoid-quinone biosynthesis","Metabolism of cofactors and vitamins"
"K19268","Methylaspartate mutase epsilon subunit","Glyoxylate and dicarboxylate metabolism","Carbohydrate metabolism"
"K19280","Succinyl-CoA:mesaconate CoA transferase","Glyoxylate and dicarboxylate metabolism","Carbohydrate metabolism"
"K19281","Beta-methylmalyl-CoA/(S)-malyl-CoA lyase","Glyoxylate and dicarboxylate metabolism","Carbohydrate metabolism"
"K19282","Bifunctional (S)-malyl-CoA lyase/thioesterase","Glyoxylate and dicarboxylate metabolism","Carbohydrate metabolism"
"K19285","FMN reductase (NADPH)","Riboflavin metabolism","Metabolism of cofactors and vitamins"
"K19286","FMN reductase [NAD(P)H]","Riboflavin metabolism","Metabolism of cofactors and vitamins"
"K19290","Mannuronan synthase","Fructose and mannose metabolism","Carbohydrate metabolism"
"K19291","Mannuronan synthase","Fructose and mannose metabolism","Carbohydrate metabolism"
"K19312","Acetyl-CoA/propionyl-CoA carboxylase carboxyl transferase subunit","Glyoxylate and dicarboxylate metabolism","Carbohydrate metabolism"
"K19355","Mannan endo-1,4-beta-mannosidase","Fructose and mannose metabolism","Carbohydrate metabolism"
"K19412","Glutamate---[amino group carrier protein] ligase","Arginine biosynthesis","Amino acid metabolism"
"K19515","Benzoyl-CoA reductase subunit BamB","Benzoate degradation","Xenobiotics biodegradation and metabolism"
"K19516","Benzoyl-CoA reductase subunit BamC","Benzoate degradation","Xenobiotics biodegradation and metabolism"
"K19517","1D-myo-inositol 3-kinase","Inositol phosphate metabolism","Carbohydrate metabolism"
"K19546","Prephenate decarboxylase","Biosynthesis of various secondary metabolites - part 2","Biosynthesis of other secondary metabolites"
"K19547","3-[(4R)-4-hydroxycyclohexa-1,5-dien-1-yl]-2-oxopropanoate isomerase","Biosynthesis of various secondary metabolites - part 2","Biosynthesis of other secondary metabolites"
"K19548","Dihydroanticapsin dehydrogenase","Biosynthesis of various secondary metabolites - part 2","Biosynthesis of other secondary metabolites"
"K19549","Bacilysin biosynthesis transaminase BacF","Biosynthesis of various secondary metabolites - part 2","Biosynthesis of other secondary metabolites"
"K19550","Bacilysin biosynthesis oxidoreductase BacG","Biosynthesis of various secondary metabolites - part 2","Biosynthesis of other secondary metabolites"
"K19551","Pectate lyase C","Pentose and glucuronate interconversions","Carbohydrate metabolism"
"K19560","Pimeloyl-[acyl-carrier protein] methyl ester esterase","Biotin metabolism","Metabolism of cofactors and vitamins"
"K19561","Pimeloyl-[acyl-carrier protein] methyl ester esterase","Biotin metabolism","Metabolism of cofactors and vitamins"
"K19563","Lysine---8-amino-7-oxononanoate aminotransferase","Biotin metabolism","Metabolism of cofactors and vitamins"
"K19569","8-demethyl-8-(2,3-dimethoxy-alpha-L-rhamnosyl)tetracenomycin-C 4'-O-methyltransferase","Biosynthesis of type II polyketide products","Metabolism of terpenoids and polyketides"
"K19588","2,5-dioxopentanoate dehydrogenase","Pentose and glucuronate interconversions","Carbohydrate metabolism"
"K19632","CDP-abequose synthase","Amino sugar and nucleotide sugar metabolism","Carbohydrate metabolism"
"K19633","Sorbose reductase","Fructose and mannose metabolism","Carbohydrate metabolism"
"K19643","Dihydrofolate reductase (trimethoprim resistance protein)","Folate biosynthesis","Metabolism of cofactors and vitamins"
"K19644","Dihydrofolate reductase (trimethoprim resistance protein)","Folate biosynthesis","Metabolism of cofactors and vitamins"
"K19645","Dihydrofolate reductase (trimethoprim resistance protein)","Folate biosynthesis","Metabolism of cofactors and vitamins"
"K19660","L-arabinose 1-dehydrogenase [NAD(P)+]","Ascorbate and aldarate metabolism","Carbohydrate metabolism"
"K19668","Cellulose 1,4-beta-cellobiosidase","Starch and sucrose metabolism","Carbohydrate metabolism"
"K19669","Phosphonopyruvate hydrolase","Phosphonate and phosphinate metabolism","Metabolism of other amino acids"
"K19670","Phosphonoacetate hydrolase","Phosphonate and phosphinate metabolism","Metabolism of other amino acids"
"K19696","5'-methylthioinosine phosphorylase","Cysteine and methionine metabolism","Amino acid metabolism"
"K19697","Propionate kinase","Propanoate metabolism","Carbohydrate metabolism"
"K19700","3-succinoylsemialdehyde-pyridine dehydrogenase","Nicotinate and nicotinamide metabolism","Metabolism of cofactors and vitamins"
"K19709","Acetate CoA-transferase","Propanoate metabolism","Carbohydrate metabolism"
"K19712","Adenosylcobinamide-phosphate guanylyltransferase","Porphyrin and chlorophyll metabolism","Metabolism of cofactors and vitamins"
"K19743","1-piperideine-2-carboxylate/1-pyrroline-2-carboxylate reductase [NAD(P)H]","Lysine degradation","Amino acid metabolism"
"K19744","L-arginine dehydrogenase","D-Arginine and D-ornithine metabolism","Metabolism of other amino acids"
"K19745","Acrylyl-CoA reductase (NADPH)","Propanoate metabolism","Carbohydrate metabolism"
"K19746","D-arginine dehydrogenase","D-Arginine and D-ornithine metabolism","Metabolism of other amino acids"
"K19787","Carnosine N-methyltransferase","Histidine metabolism","Amino acid metabolism"
"K19793","(5-formylfuran-3-yl)methyl phosphate transaminase","Methane metabolism","Energy metabolism"
"K19794","Barbiturase","Pyrimidine metabolism","Nucleotide metabolism"
"K19795","Ureidomalonase","Pyrimidine metabolism","Nucleotide metabolism"
"K19813","Glucose dehydrogenase","Pentose phosphate pathway","Carbohydrate metabolism"
"K19818","Nicotine dehydrogenase subunit A","Nicotinate and nicotinamide metabolism","Metabolism of cofactors and vitamins"
"K19819","Nicotine dehydrogenase subunit B","Nicotinate and nicotinamide metabolism","Metabolism of cofactors and vitamins"
"K19820","Nicotine dehydrogenase subunit C","Nicotinate and nicotinamide metabolism","Metabolism of cofactors and vitamins"
"K19826","(S)-6-hydroxynicotine oxidase","Nicotinate and nicotinamide metabolism","Metabolism of cofactors and vitamins"
"K19837","1-carboxybiuret hydrolase","Atrazine degradation","Xenobiotics biodegradation and metabolism"
"K19853","TDP-4-oxo-6-deoxy-alpha-D-glucose-3,4-oxoisomerase","Polyketide sugar unit biosynthesis","Metabolism of terpenoids and polyketides"
"K19854","DTDP-3-amino-3,6-dideoxy-alpha-D-glucopyranose transaminase","Polyketide sugar unit biosynthesis","Metabolism of terpenoids and polyketides"
"K19855","DTDP-4-dehydro-6-deoxy-D-glucose 3-epimerase","Polyketide sugar unit biosynthesis","Metabolism of terpenoids and polyketides"
"K19856","3-O-methyltransferase","Polyketide sugar unit biosynthesis","Metabolism of terpenoids and polyketides"
"K19857","DTDP-4-keto-6-deoxy-L-hexose 4-reductase","Polyketide sugar unit biosynthesis","Metabolism of terpenoids and polyketides"
"K19872","Fukutin","Mannose type O-glycan biosynthesis","Glycan biosynthesis and metabolism"
"K19873","Fukutin-related protein","Mannose type O-glycan biosynthesis","Glycan biosynthesis and metabolism"
"K19956","L-sorbose 1-phosphate reductase","Fructose and mannose metabolism","Carbohydrate metabolism"
"K19962","6-oxohexanoate dehydrogenase","Caprolactam degradation","Xenobiotics biodegradation and metabolism"
"K19965","Dihydroneopterin triphosphate pyrophosphohydrolase","Folate biosynthesis","Metabolism of cofactors and vitamins"
"K19969","2-epi-5-epi-valiolone synthase","Acarbose and validamycin biosynthesis","Biosynthesis of other secondary metabolites"
"K19974","2-epi-5-epi-valiolone 7-phosphate 2-epimerase","Acarbose and validamycin biosynthesis","Biosynthesis of other secondary metabolites"
"K19979","2-epi-5-epi-valiolone 7-kinase","Acarbose and validamycin biosynthesis","Biosynthesis of other secondary metabolites"
"K19981","Monodechloroaminopyrrolnitrin synthase","Staurosporine biosynthesis","Biosynthesis of other secondary metabolites"
"K19982","Aminopyrrolnitrin oxygenase","Staurosporine biosynthesis","Biosynthesis of other secondary metabolites"
"K20021","L-cysteine desulfidase","Cysteine and methionine metabolism","Amino acid metabolism"
"K20023","L-talarate/galactarate dehydratase","Ascorbate and aldarate metabolism","Carbohydrate metabolism"
"K20034","3-(methylthio)propionyl---CoA ligase","Sulfur metabolism","Energy metabolism"
"K20035","3-(methylthio)propanoyl-CoA dehydrogenase","Sulfur metabolism","Energy metabolism"
"K20036","(methylthio)acryloyl-CoA hydratase","Sulfur metabolism","Energy metabolism"
"K20075","Tryptophan oxidase StaO","Staurosporine biosynthesis","Biosynthesis of other secondary metabolites"
"K20076","Chromopyrrolic acid synthase","Staurosporine biosynthesis","Biosynthesis of other secondary metabolites"
"K20077","Flavin-dependent monooxygenase StaC","Staurosporine biosynthesis","Biosynthesis of other secondary metabolites"
"K20078","Cytochrome P450 StaP","Staurosporine biosynthesis","Biosynthesis of other secondary metabolites"
"K20079","N-glycosyltransferase StaG","Staurosporine biosynthesis","Biosynthesis of other secondary metabolites"
"K20080","Cytochrome P450 StaN","Staurosporine biosynthesis","Biosynthesis of other secondary metabolites"
"K20081","N-methyltransferase StaMA","Staurosporine biosynthesis","Biosynthesis of other secondary metabolites"
"K20082","O-methyltransferase StaMB","Staurosporine biosynthesis","Biosynthesis of other secondary metabolites"
"K20086","Tryptophan oxidase VioA","Staurosporine biosynthesis","Biosynthesis of other secondary metabolites"
"K20087","Violacein biosynthesis protein VioB","Staurosporine biosynthesis","Biosynthesis of other secondary metabolites"
"K20088","Violacein biosynthesis protein VioE","Staurosporine biosynthesis","Biosynthesis of other secondary metabolites"
"K20089","Protodeoxyviolaceinate monooxygenase","Staurosporine biosynthesis","Biosynthesis of other secondary metabolites"
"K20090","Violacein synthase","Staurosporine biosynthesis","Biosynthesis of other secondary metabolites"
"K20116","NA","NA","NA"
"K20117","NA","NA","NA"
"K20118","Glucose PTS system EIICBA or EIICB component","Glycolysis / Gluconeogenesis","Carbohydrate metabolism"
"K20146","Nitrilotriacetate monooxygenase reductase component","Riboflavin metabolism","Metabolism of cofactors and vitamins"
"K20155","4-methylaminobutanoate oxidase (methylamine-forming)","Nicotinate and nicotinamide metabolism","Metabolism of cofactors and vitamins"
"K20156","2-amino-4-deoxychorismate dehydrogenase","Biosynthesis of enediyne antibiotics","Metabolism of terpenoids and polyketides"
"K20158","Pseudooxynicotine oxidase","Nicotinate and nicotinamide metabolism","Metabolism of cofactors and vitamins"
"K20159","2-amino-4-deoxychorismate synthase","Biosynthesis of enediyne antibiotics","Metabolism of terpenoids and polyketides"
"K20169","Nicotine oxidoreductase","Nicotinate and nicotinamide metabolism","Metabolism of cofactors and vitamins"
"K20170","Nicotine oxidoreductase","Nicotinate and nicotinamide metabolism","Metabolism of cofactors and vitamins"
"K20171","3-succinoylpyridine monooxygenase subunit A","Nicotinate and nicotinamide metabolism","Metabolism of cofactors and vitamins"
"K20172","3-succinoylpyridine monooxygenase subunit C","Nicotinate and nicotinamide metabolism","Metabolism of cofactors and vitamins"
"K20204","Grixazone synthase / o-aminophenol oxidase","Tryptophan metabolism","Amino acid metabolism"
"K20219","O-aminophenol oxidase","Tryptophan metabolism","Amino acid metabolism"
"K20248","Acyl homoserine lactone synthase","Cysteine and methionine metabolism","Amino acid metabolism"
"K20249","Acyl homoserine lactone synthase","Cysteine and methionine metabolism","Amino acid metabolism"
"K20250","Acyl homoserine lactone synthase","Cysteine and methionine metabolism","Amino acid metabolism"
"K20260","Phenazine biosynthesis protein","Phenazine biosynthesis","Biosynthesis of other secondary metabolites"
"K20261","Trans-2,3-dihydro-3-hydroxyanthranilic acid synthase","Phenazine biosynthesis","Biosynthesis of other secondary metabolites"
"K20262","Dihydrophenazinedicarboxylate synthase","Phenazine biosynthesis","Biosynthesis of other secondary metabolites"
"K20370","Phosphoenolpyruvate carboxykinase (diphosphate)","Pyruvate metabolism","Carbohydrate metabolism"
"K20420","2-hydroxy-5-methyl-1-naphthoate 7-hydroxylase","Biosynthesis of enediyne antibiotics","Metabolism of terpenoids and polyketides"
"K20421","2,7-dihydroxy-5-methyl-1-naphthoate 7-O-methyltransferase","Biosynthesis of enediyne antibiotics","Metabolism of terpenoids and polyketides"
"K20422","Neocarzinostatin naphthoate synthase","Biosynthesis of enediyne antibiotics","Metabolism of terpenoids and polyketides"
"K20423","2-hydroxy-7-methoxy-5-methyl-1-naphthoate---CoA ligase","Biosynthesis of enediyne antibiotics","Metabolism of terpenoids and polyketides"
"K20424","2-epi-valiolone-7-phosphate 1-reductase","Acarbose and validamycin biosynthesis","Biosynthesis of other secondary metabolites"
"K20425","Cyclitol oxidoreductase","Acarbose and validamycin biosynthesis","Biosynthesis of other secondary metabolites"
"K20426","1-epi-valienol-7-phosphate kinase","Acarbose and validamycin biosynthesis","Biosynthesis of other secondary metabolites"
"K20427","Valienol-1-phosphate guanylyltransferase","Acarbose and validamycin biosynthesis","Biosynthesis of other secondary metabolites"
"K20428","DTDP-4-amino-4,6-dideoxy-D-glucose transaminase","Acarbose and validamycin biosynthesis","Biosynthesis of other secondary metabolites"
"K20430","Glycosyltransferase AcbS","Acarbose and validamycin biosynthesis","Biosynthesis of other secondary metabolites"
"K20431","2-epi-5-epi-valiolone epimerase","Acarbose and validamycin biosynthesis","Biosynthesis of other secondary metabolites"
"K20432","5-epi-valiolone dehydratase","Acarbose and validamycin biosynthesis","Biosynthesis of other secondary metabolites"
"K20433","C7-cyclitol 7-kinase","Acarbose and validamycin biosynthesis","Biosynthesis of other secondary metabolites"
"K20434","Cyclitol reductase","Acarbose and validamycin biosynthesis","Biosynthesis of other secondary metabolites"
"K20435","Validone 7-phosphate aminotransferase","Acarbose and validamycin biosynthesis","Biosynthesis of other secondary metabolites"
"K20436","Validamine 7-phosphate valienyltransferase","Acarbose and validamycin biosynthesis","Biosynthesis of other secondary metabolites"
"K20437","Validoxylamine A 7'-phosphate phosphatase","Acarbose and validamycin biosynthesis","Biosynthesis of other secondary metabolites"
"K20438","Validoxylamine A glucosyltransferase","Acarbose and validamycin biosynthesis","Biosynthesis of other secondary metabolites"
"K20445","Nicotinate dehydrogenase FAD-subunit","Nicotinate and nicotinamide metabolism","Metabolism of cofactors and vitamins"
"K20446","Nicotinate dehydrogenase small FeS subunit","Nicotinate and nicotinamide metabolism","Metabolism of cofactors and vitamins"
"K20447","Nicotinate dehydrogenase large molybdopterin subunit","Nicotinate and nicotinamide metabolism","Metabolism of cofactors and vitamins"
"K20448","Nicotinate dehydrogenase medium molybdopterin subunit","Nicotinate and nicotinamide metabolism","Metabolism of cofactors and vitamins"
"K20455","2-methylcitrate dehydratase (2-methyl-trans-aconitate forming)","Propanoate metabolism","Carbohydrate metabolism"
"K20458","3-hydroxybenzoate/4-hydroxybenzoate---CoA ligase","Benzoate degradation","Xenobiotics biodegradation and metabolism"
"K20509","Carboxybiotin decarboxylase","Pyruvate metabolism","Carbohydrate metabolism"
"K20547","Basic endochitinase B","Amino sugar and nucleotide sugar metabolism","Carbohydrate metabolism"
"K20626","Lactoyl-CoA dehydratase subunit alpha","Propanoate metabolism","Carbohydrate metabolism"
"K20627","Lactoyl-CoA dehydratase subunit beta","Propanoate metabolism","Carbohydrate metabolism"
"K20713","R-phycocyanin alpha-cysteine-84 phycourobilin lyase/isomerase","Photosynthesis - antenna proteins","Energy metabolism"
"K20772","1-aminocyclopropane-1-carboxylate synthase 1/2/6","Cysteine and methionine metabolism","Amino acid metabolism"
"K20801","L-allo-threonine aldolase","Glycine, serine and threonine metabolism","Amino acid metabolism"
"K20807","Nitrile hydratase subunit beta","Tryptophan metabolism","Amino acid metabolism"
"K20811","Inulosucrase","Starch and sucrose metabolism","Carbohydrate metabolism"
"K20812","Glycogen synthase","Starch and sucrose metabolism","Carbohydrate metabolism"
"K20844","Non-reducing end alpha-L-arabinofuranosidase","Amino sugar and nucleotide sugar metabolism","Carbohydrate metabolism"
"K20860","FMN hydrolase / 5-amino-6-(5-phospho-D-ribitylamino)uracil phosphatase","Riboflavin metabolism","Metabolism of cofactors and vitamins"
"K20861","FMN hydrolase / 5-amino-6-(5-phospho-D-ribitylamino)uracil phosphatase","Riboflavin metabolism","Metabolism of cofactors and vitamins"
"K20862","FMN hydrolase / 5-amino-6-(5-phospho-D-ribitylamino)uracil phosphatase","Riboflavin metabolism","Metabolism of cofactors and vitamins"
"K20895","Formylaminopyrimidine deformylase","Thiamine metabolism","Metabolism of cofactors and vitamins"
"K20896","Formylaminopyrimidine deformylase / aminopyrimidine aminohydrolase","Thiamine metabolism","Metabolism of cofactors and vitamins"
"K20935","Hydrazine dehydrogenase","Nitrogen metabolism","Energy metabolism"
"K20940","5-methylphenazine-1-carboxylate 1-monooxygenase","Phenazine biosynthesis","Biosynthesis of other secondary metabolites"
"K20967","GTP 3',8-cyclase / cyclic pyranopterin monophosphate synthase","Folate biosynthesis","Metabolism of cofactors and vitamins"
"K21030","D-ribitol-5-phosphate cytidylyltransferase","Pentose and glucuronate interconversions","Carbohydrate metabolism"
"K21060","D-hydroxyproline dehydrogenase","Arginine and proline metabolism","Amino acid metabolism"
"K21061","D-hydroxyproline dehydrogenase subunit beta","Arginine and proline metabolism","Amino acid metabolism"
"K21062","1-pyrroline-4-hydroxy-2-carboxylate deaminase","Arginine and proline metabolism","Amino acid metabolism"
"K21063","5-amino-6-(5-phospho-D-ribitylamino)uracil phosphatase","Riboflavin metabolism","Metabolism of cofactors and vitamins"
"K21064","5-amino-6-(5-phospho-D-ribitylamino)uracil phosphatase","Riboflavin metabolism","Metabolism of cofactors and vitamins"
"K21071","ATP-dependent phosphofructokinase / diphosphate-dependent phosphofructokinase","Glycolysis / Gluconeogenesis","Carbohydrate metabolism"
"K21103","Phenazine-1-carboxylate N-methyltransferase","Phenazine biosynthesis","Biosynthesis of other secondary metabolites"
"K21142","MoaE-MoaD fusion protein","Folate biosynthesis","Metabolism of cofactors and vitamins"
"K21146","Vitamin D 1,25-hydroxylase","Steroid biosynthesis","Lipid metabolism"
"K21160","Enediyne biosynthesis protein E2","Biosynthesis of enediyne antibiotics","Metabolism of terpenoids and polyketides"
"K21161","Enediyne biosynthesis protein E3","Biosynthesis of enediyne antibiotics","Metabolism of terpenoids and polyketides"
"K21162","Enediyne biosynthesis protein E4","Biosynthesis of enediyne antibiotics","Metabolism of terpenoids and polyketides"
"K21163","Enediyne biosynthesis protein E5","Biosynthesis of enediyne antibiotics","Metabolism of terpenoids and polyketides"
"K21164","Enediyne biosynthesis protein E7","Biosynthesis of enediyne antibiotics","Metabolism of terpenoids and polyketides"
"K21165","Enediyne biosynthesis protein E8","Biosynthesis of enediyne antibiotics","Metabolism of terpenoids and polyketides"
"K21166","Enediyne biosynthesis protein E9","Biosynthesis of enediyne antibiotics","Metabolism of terpenoids and polyketides"
"K21167","Enediyne biosynthesis protein E11","Biosynthesis of enediyne antibiotics","Metabolism of terpenoids and polyketides"
"K21169","Enediyne biosynthesis protein CalE2","Biosynthesis of enediyne antibiotics","Metabolism of terpenoids and polyketides"
"K21170","Enediyne biosynthesis protein CalE3","Biosynthesis of enediyne antibiotics","Metabolism of terpenoids and polyketides"
"K21171","Enediyne biosynthesis protein CalE4","Biosynthesis of enediyne antibiotics","Metabolism of terpenoids and polyketides"
"K21172","Enediyne biosynthesis protein CalE5","Biosynthesis of enediyne antibiotics","Metabolism of terpenoids and polyketides"
"K21173","Methionine gamma-lyase","Biosynthesis of enediyne antibiotics","Metabolism of terpenoids and polyketides"
"K21174","Enediyne biosynthesis protein CalE9","Biosynthesis of enediyne antibiotics","Metabolism of terpenoids and polyketides"
"K21175","2-amino-4-deoxychorismate synthase, glutamine amidotransferase component","Biosynthesis of enediyne antibiotics","Metabolism of terpenoids and polyketides"
"K21176","Benzoxazolinate moiety biosynthesis protein SgcD5","Biosynthesis of enediyne antibiotics","Metabolism of terpenoids and polyketides"
"K21177","Cytochrome P450 hydroxylase","Biosynthesis of enediyne antibiotics","Metabolism of terpenoids and polyketides"
"K21178","O-methyltransferase","Biosynthesis of enediyne antibiotics","Metabolism of terpenoids and polyketides"
"K21179","CoA-ligase","Biosynthesis of enediyne antibiotics","Metabolism of terpenoids and polyketides"
"K21181","MIO-dependent L-tyrosine 2,3-aminomutase","Biosynthesis of enediyne antibiotics","Metabolism of terpenoids and polyketides"
"K21182","(S)-beta-tyrosine adenylation enzyme","Biosynthesis of enediyne antibiotics","Metabolism of terpenoids and polyketides"
"K21184","Two-component FAD-dependent monooxygenase","Biosynthesis of enediyne antibiotics","Metabolism of terpenoids and polyketides"
"K21185","Flavin reductase","Biosynthesis of enediyne antibiotics","Metabolism of terpenoids and polyketides"
"K21188","PLP-dependent transaminase","Biosynthesis of enediyne antibiotics","Metabolism of terpenoids and polyketides"
"K21191","CoA ligase","Biosynthesis of enediyne antibiotics","Metabolism of terpenoids and polyketides"
"K21192","Methyltransferase","Biosynthesis of enediyne antibiotics","Metabolism of terpenoids and polyketides"
"K21195","2-aminoethylphosphonate dioxygenase","Phosphonate and phosphinate metabolism","Metabolism of other amino acids"
"K21196","2-amino-1-hydroxyethylphosphonate dioxygenase (glycine-forming)","Phosphonate and phosphinate metabolism","Metabolism of other amino acids"
"K21219","Hydroxymethylpyrimidine kinase / phosphomethylpyrimidine kinase / thiamine-phosphate diphosphorylase","Thiamine metabolism","Metabolism of cofactors and vitamins"
"K21220","Thiamine-phosphate diphosphorylase","Thiamine metabolism","Metabolism of cofactors and vitamins"
"K21224","Radical SAM C-methyltransferase","Biosynthesis of enediyne antibiotics","Metabolism of terpenoids and polyketides"
"K21231","3,8-divinyl protochlorophyllide a 8-vinyl-reductase (ferredoxin)","Porphyrin and chlorophyll metabolism","Metabolism of cofactors and vitamins"
"K21254","Orsellinic acid synthase","Biosynthesis of enediyne antibiotics","Metabolism of terpenoids and polyketides"
"K21255","Orsellinic acid C2-O-methyltransferase","Biosynthesis of enediyne antibiotics","Metabolism of terpenoids and polyketides"
"K21256","Flavin-dependent halogenase","Biosynthesis of enediyne antibiotics","Metabolism of terpenoids and polyketides"
"K21257","Orsellenic acid P450 oxidase","Biosynthesis of enediyne antibiotics","Metabolism of terpenoids and polyketides"
"K21258","Orsellinic acid C3-O-methyltransferase","Biosynthesis of enediyne antibiotics","Metabolism of terpenoids and polyketides"
"K21259","Calicheamicinone 4-hydroxyamino-4,6-dideoxy-alpha-D-glucosyltransferase","Biosynthesis of enediyne antibiotics","Metabolism of terpenoids and polyketides"
"K21260","Calicheamicin 4-deoxy-4-thio-alpha-D-digitoxosyltransferase","Biosynthesis of enediyne antibiotics","Metabolism of terpenoids and polyketides"
"K21261","Acyltransferase","Biosynthesis of enediyne antibiotics","Metabolism of terpenoids and polyketides"
"K21262","Calicheamicin aminopentosyltransferase","Biosynthesis of enediyne antibiotics","Metabolism of terpenoids and polyketides"
"K21263","Calicheamicin 3'-O-methyl-rhamnosyltransferase","Biosynthesis of enediyne antibiotics","Metabolism of terpenoids and polyketides"
"K21271","Aurachin B dehydrogenase","Biosynthesis of various secondary metabolites - part 2","Biosynthesis of other secondary metabolites"
"K21272","Aurachin C monooxygenase/isomerase","Biosynthesis of various secondary metabolites - part 2","Biosynthesis of other secondary metabolites"
"K21297","Flavin reductase (NADH)","Biosynthesis of type II polyketide products","Metabolism of terpenoids and polyketides"
"K21301","5a,11a-dehydrotetracycline reductase","Biosynthesis of type II polyketide products","Metabolism of terpenoids and polyketides"
"K21302","Phosphatidylinositol-3-phosphatase","Inositol phosphate metabolism","Carbohydrate metabolism"
"K21307","Sulfite dehydrogenase (quinone) subunit SoeA","Sulfur metabolism","Energy metabolism"
"K21308","Sulfite dehydrogenase (quinone) subunit SoeB","Sulfur metabolism","Energy metabolism"
"K21309","Sulfite dehydrogenase (quinone) subunit SoeC","Sulfur metabolism","Energy metabolism"
"K21310","Methanethiol S-methyltransferase","Sulfur metabolism","Energy metabolism"
"K21328","DTDP-4-amino-4,6-dideoxy-D-glucose/dTDP-4-amino-2,4-dideoxy-beta-L-xylose transaminase","Polyketide sugar unit biosynthesis","Metabolism of terpenoids and polyketides"
"K21344","D-glycero-beta-D-manno-heptose-7-phosphate kinase","Lipopolysaccharide biosynthesis","Glycan biosynthesis and metabolism"
"K21345","D-glycero-beta-D-manno-heptose 1-phosphate adenylyltransferase","Lipopolysaccharide biosynthesis","Glycan biosynthesis and metabolism"
"K21428","3-acetyloctanal synthase","Prodigiosin biosynthesis","Biosynthesis of other secondary metabolites"
"K21479","Cobalt-factor III methyltransferase","Porphyrin and chlorophyll metabolism","Metabolism of cofactors and vitamins"
"K21480","Heme oxygenase (biliverdin-producing, ferredoxin)","Porphyrin and chlorophyll metabolism","Metabolism of cofactors and vitamins"
"K21574","Glucan 1,4-alpha-glucosidase","Starch and sucrose metabolism","Carbohydrate metabolism"
"K21607","Tetrachlorobenzoquinone reductase","Chlorocyclohexane and chlorobenzene degradation","Xenobiotics biodegradation and metabolism"
"K21610","Ni-sirohydrochlorin a,c-diamide reductive cyclase subunit CfbC","Porphyrin and chlorophyll metabolism","Metabolism of cofactors and vitamins"
"K21611","Ni-sirohydrochlorin a,c-diamide reductive cyclase subunit CfbD","Porphyrin and chlorophyll metabolism","Metabolism of cofactors and vitamins"
"K21612","Coenzyme F430 synthetase","Porphyrin and chlorophyll metabolism","Metabolism of cofactors and vitamins"
"K21619","Tagaturonate epimerase","Pentose and glucuronate interconversions","Carbohydrate metabolism"
"K21620","Galactitol 2-dehydrogenase","Galactose metabolism","Carbohydrate metabolism"
"K21621","Tagatose kinase","Galactose metabolism","Carbohydrate metabolism"
"K21622","D-tagatose 6-phosphate 4-epimerase","Galactose metabolism","Carbohydrate metabolism"
"K21647","Tetrachloroethene reductive dehalogenase","Chloroalkane and chloroalkene degradation","Xenobiotics biodegradation and metabolism"
"K21648","Tetrachloroethene reductive dehalogenase membrane anchor","Chloroalkane and chloroalkene degradation","Xenobiotics biodegradation and metabolism"
"K21672","2,4-diaminopentanoate dehydrogenase","Lysine degradation","Amino acid metabolism"
"K21680","Ribulose-5-phosphate 2-dehydrogenase","Pentose and glucuronate interconversions","Carbohydrate metabolism"
"K21681","Ribitol-5-phosphate 2-dehydrogenase (NADP+) / D-ribitol-5-phosphate cytidylyltransferase","Pentose and glucuronate interconversions","Carbohydrate metabolism"
"K21721","N-[(2S)-2-amino-2-carboxyethyl]-L-glutamate dehydrogenase","Biosynthesis of various secondary metabolites - part 3","Biosynthesis of other secondary metabolites"
"K21722","Methylxanthine N1-demethylase","Caffeine metabolism","Biosynthesis of other secondary metabolites"
"K21723","Methylxanthine N3-demethylase","Caffeine metabolism","Biosynthesis of other secondary metabolites"
"K21749","N-acylneuraminate/3-deoxy-D-glycero-D-galacto-nononate cytidylyltransferase","Amino sugar and nucleotide sugar metabolism","Carbohydrate metabolism"
"K21778","3-acetyloctanal aminotransferase","Prodigiosin biosynthesis","Biosynthesis of other secondary metabolites"
"K21779","2-methyl-3-n-amyl-dihydropyrrolel dehydrogenase","Prodigiosin biosynthesis","Biosynthesis of other secondary metabolites"
"K21780","L-proline---[L-prolyl-carrier protein] ligase","Prodigiosin biosynthesis","Biosynthesis of other secondary metabolites"
"K21781","Peptidyl carrier protein","Prodigiosin biosynthesis","Biosynthesis of other secondary metabolites"
"K21782","L-prolyl-PCP dehydrogenase","Prodigiosin biosynthesis","Biosynthesis of other secondary metabolites"
"K21783","Beta-ketoacyl ACP synthase","Prodigiosin biosynthesis","Biosynthesis of other secondary metabolites"
"K21784","4-hydroxy-2,2'-bipyrrole-5-methanol synthase","Prodigiosin biosynthesis","Biosynthesis of other secondary metabolites"
"K21785","4-hydroxy-2,2'-bipyrrole-5-methanol dehydrogenase","Prodigiosin biosynthesis","Biosynthesis of other secondary metabolites"
"K21786","4-hydroxy-2,2'-bipyrrole-5-carbaldehyde O-methyltransferase","Prodigiosin biosynthesis","Biosynthesis of other secondary metabolites"
"K21787","Prodigiosin/undecylprodigiosin synthetase","Prodigiosin biosynthesis","Biosynthesis of other secondary metabolites"
"K21791","Thioesterase","Prodigiosin biosynthesis","Biosynthesis of other secondary metabolites"
"K21792","Polyketide synthase","Prodigiosin biosynthesis","Biosynthesis of other secondary metabolites"
"K21793","Oxidoreductase","Prodigiosin biosynthesis","Biosynthesis of other secondary metabolites"
"K21795","Phenylalanine 2-monooxygenase","Phenylalanine metabolism","Amino acid metabolism"
"K21801","Indoleacetamide hydrolase","Tryptophan metabolism","Amino acid metabolism"
"K21883","2-dehydro-3-deoxy-L-rhamnonate dehydrogenase (NAD+)","Fructose and mannose metabolism","Carbohydrate metabolism"
"K21898","Ornithine racemase","D-Arginine and D-ornithine metabolism","Metabolism of other amino acids"
"K21949","N-(2-amino-2-carboxyethyl)-L-glutamate synthase","Biosynthesis of various secondary metabolites - part 3","Biosynthesis of other secondary metabolites"
"K22003","Aconitate Delta-isomerase","C5-Branched dibasic acid metabolism","Carbohydrate metabolism"
"K22011","Sirohydrochlorin cobalto/nickelchelatase","Porphyrin and chlorophyll metabolism","Metabolism of cofactors and vitamins"
"K22012","Ni-sirohydrochlorin a,c-diamide synthase","Porphyrin and chlorophyll metabolism","Metabolism of cofactors and vitamins"
"K22081","Methylamine---glutamate N-methyltransferase subunit A","Methane metabolism","Energy metabolism"
"K22082","Methylamine---glutamate N-methyltransferase subunit B","Methane metabolism","Energy metabolism"
"K22083","Methylamine---glutamate N-methyltransferase subunit C","Methane metabolism","Energy metabolism"
"K22084","Methylglutamate dehydrogenase subunit A","Methane metabolism","Energy metabolism"
"K22085","Methylglutamate dehydrogenase subunit B","Methane metabolism","Energy metabolism"
"K22086","Methylglutamate dehydrogenase subunit C","Methane metabolism","Energy metabolism"
"K22087","Methylglutamate dehydrogenase subunit D","Methane metabolism","Energy metabolism"
"K22099","Dihydrofolate synthase / folylpolyglutamate synthase","Folate biosynthesis","Metabolism of cofactors and vitamins"
"K22100","2,5-diamino-6-(5-phospho-D-ribosylamino)pyrimidin-4(3H)-one isomerase/dehydratase","Folate biosynthesis","Metabolism of cofactors and vitamins"
"K22133","Oxalate---CoA ligase","Glyoxylate and dicarboxylate metabolism","Carbohydrate metabolism"
"K22185","D-xylose 1-dehydrogenase","Pentose and glucuronate interconversions","Carbohydrate metabolism"
"K22186","Xylonate dehydratase","Pentose and glucuronate interconversions","Carbohydrate metabolism"
"K22187","Alpha-ketoglutaric semialdehyde dehydrogenase","Pentose and glucuronate interconversions","Carbohydrate metabolism"
"K22210","D-glutamate cyclase","D-Glutamine and D-glutamate metabolism","Metabolism of other amino acids"
"K22211","D-lactate dehydratase","Pyruvate metabolism","Carbohydrate metabolism"
"K22212","Malolactic enzyme","Pyruvate metabolism","Carbohydrate metabolism"
"K22215","Galactose dehydrogenase","Galactose metabolism","Carbohydrate metabolism"
"K22223","Phosphoglycolate phosphatase","Glyoxylate and dicarboxylate metabolism","Carbohydrate metabolism"
"K22224","Acetate---CoA ligase (ADP-forming) subunit beta","Glycolysis / Gluconeogenesis","Carbohydrate metabolism"
"K22225","Siroheme decarboxylase","Porphyrin and chlorophyll metabolism","Metabolism of cofactors and vitamins"
"K22226","Fe-coproporphyrin III synthase","Porphyrin and chlorophyll metabolism","Metabolism of cofactors and vitamins"
"K22227","AdoMet-dependent heme synthase","Porphyrin and chlorophyll metabolism","Metabolism of cofactors and vitamins"
"K22229","2-ketogluconate reductase","Pentose phosphate pathway","Carbohydrate metabolism"
"K22230","Scyllo-inositol 2-dehydrogenase (NADP+)","Inositol phosphate metabolism","Carbohydrate metabolism"
"K22231","Scyllo-inosose 3-dehydrogenase","Inositol phosphate metabolism","Carbohydrate metabolism"
"K22232","3-dehydro-scyllo-inosose hydrolase","Inositol phosphate metabolism","Carbohydrate metabolism"
"K22233","5-keto-L-gluconate epimerase","Inositol phosphate metabolism","Carbohydrate metabolism"
"K22251","Glycerol dehydrogenase","Glycerolipid metabolism","Lipid metabolism"
"K22268","Xylan 1,4-beta-xylosidase","Amino sugar and nucleotide sugar metabolism","Carbohydrate metabolism"
"K22292","N-acetyl-D-muramate 6-phosphate phosphatase","Amino sugar and nucleotide sugar metabolism","Carbohydrate metabolism"
"K22305","Phosphoserine phosphatase","Methane metabolism","Energy metabolism"
"K22311","Phosphatidylinositol dimannoside acyltransferase","Lipoarabinomannan (LAM) biosynthesis","Glycan biosynthesis and metabolism"
"K22316","Ribonuclease H / adenosylcobalamin/alpha-ribazole phosphatase","Porphyrin and chlorophyll metabolism","Metabolism of cofactors and vitamins"
"K22330","Tyrosine decarboxylase","Tyrosine metabolism","Amino acid metabolism"
"K22353","Alkene monooxygenase alpha subunit","Chloroalkane and chloroalkene degradation","Xenobiotics biodegradation and metabolism"
"K22354","Alkene monooxygenase beta subunit","Chloroalkane and chloroalkene degradation","Xenobiotics biodegradation and metabolism"
"K22355","Alkene monooxygenase coupling protein","Chloroalkane and chloroalkene degradation","Xenobiotics biodegradation and metabolism"
"K22356","Alkene monooxygenase reductase","Chloroalkane and chloroalkene degradation","Xenobiotics biodegradation and metabolism"
"K22357","Alkene monooxygenase alpha subunit","Chloroalkane and chloroalkene degradation","Xenobiotics biodegradation and metabolism"
"K22358","Alkene monooxygenase beta subunit","Chloroalkane and chloroalkene degradation","Xenobiotics biodegradation and metabolism"
"K22359","Alkene monooxygenase gamma subunit","Chloroalkane and chloroalkene degradation","Xenobiotics biodegradation and metabolism"
"K22360","Alkene monooxygenase ferredoxin subunit","Chloroalkane and chloroalkene degradation","Xenobiotics biodegradation and metabolism"
"K22361","Alkene monooxygenase effector subunit","Chloroalkane and chloroalkene degradation","Xenobiotics biodegradation and metabolism"
"K22362","Alkene monooxygenase ferredoxin reductase component","Chloroalkane and chloroalkene degradation","Xenobiotics biodegradation and metabolism"
"K22373","Lactate racemase","Pyruvate metabolism","Carbohydrate metabolism"
"K22389","Phospholipase A1","Glycerophospholipid metabolism","Lipid metabolism"
"K22391","GTP cyclohydrolase I","Folate biosynthesis","Metabolism of cofactors and vitamins"
"K22393","Flavin reductase (NADH) subunit 1","Riboflavin metabolism","Metabolism of cofactors and vitamins"
"K22394","Flavin reductase (NADH) subunit 2","Riboflavin metabolism","Metabolism of cofactors and vitamins"
"K22396","Xylonate dehydratase","Pentose and glucuronate interconversions","Carbohydrate metabolism"
"K22397","2-dehydro-3-deoxy-D-pentonate aldolase","Pentose and glucuronate interconversions","Carbohydrate metabolism"
"K22451","4-alpha-glucanotransferase","Starch and sucrose metabolism","Carbohydrate metabolism"
"K22457","Asparagine---oxo-acid transaminase","Alanine, aspartate and glutamate metabolism","Amino acid metabolism"
"K22473","Alcohol dehydrogenase (quinone), dehydrogenase subunit","Glycolysis / Gluconeogenesis","Carbohydrate metabolism"
"K22474","Alcohol dehydrogenase (quinone), cytochrome c subunit","Glycolysis / Gluconeogenesis","Carbohydrate metabolism"
"K22476","N-acetylglutamate synthase","Arginine biosynthesis","Amino acid metabolism"
"K22477","N-acetylglutamate synthase","Arginine biosynthesis","Amino acid metabolism"
"K22478","Bifunctional N-acetylglutamate synthase/kinase","Arginine biosynthesis","Amino acid metabolism"
"K22480","Heterodisulfide reductase subunit A1","Methane metabolism","Energy metabolism"
"K22481","Heterodisulfide reductase subunit B1","Methane metabolism","Energy metabolism"
"K22482","Heterodisulfide reductase subunit C1","Methane metabolism","Energy metabolism"
"K22492","Beta-carotene 3-hydroxylase","Carotenoid biosynthesis","Metabolism of terpenoids and polyketides"
"K22502","Lycopene beta-cyclase","Carotenoid biosynthesis","Metabolism of terpenoids and polyketides"
"K22515","Formate dehydrogenase beta subunit","Glyoxylate and dicarboxylate metabolism","Carbohydrate metabolism"
"K22516","Formate dehydrogenase (coenzyme F420) alpha subunit","Methane metabolism","Energy metabolism"
"K22539","Pectate lyase","Pentose and glucuronate interconversions","Carbohydrate metabolism"
"K22540","3-hydroxyacyl-thioester dehydratase, animal type","Fatty acid biosynthesis","Lipid metabolism"
"K22549","D-hydroxyproline dehydrogenase subunit alpha","Arginine and proline metabolism","Amino acid metabolism"
"K22550","D-hydroxyproline dehydrogenase subunit gamma","Arginine and proline metabolism","Amino acid metabolism"
"K22568","Acetyl-CoA/propionyl-CoA carboxylase, PccX subunit","Glyoxylate and dicarboxylate metabolism","Carbohydrate metabolism"
"K22601","Oxamate carbamoyltransferase","Purine metabolism","Nucleotide metabolism"
"K22602","Oxamate amidohydrolase","Purine metabolism","Nucleotide metabolism"
"K22622","S-disulfanyl-L-cysteine oxidoreductase SoxD","Sulfur metabolism","Energy metabolism"
"K22699","Sulfide-dependent adenosine diphosphate thiazole synthase","Thiamine metabolism","Metabolism of cofactors and vitamins"
"K22715","Dibenzofuran dioxygenase subunit alpha","Dioxin degradation","Xenobiotics biodegradation and metabolism"
"K22716","Dibenzofuran dioxygenase subunit beta","Dioxin degradation","Xenobiotics biodegradation and metabolism"
"K22717","2-hydroxy-6-oxo-6-(2-hydroxyphenoxy)-hexa-2,4-dienoate hydrolase","Dioxin degradation","Xenobiotics biodegradation and metabolism"
"K22769","NADPH-dependent stearoyl-CoA 9-desaturase","Biosynthesis of unsaturated fatty acids","Lipid metabolism"
"K22770","Stearoyl-CoA 9-desaturase NADPH oxidoreductase","Biosynthesis of unsaturated fatty acids","Lipid metabolism"
"K22813","Bisphosphomevalonate decarboxylase","Terpenoid backbone biosynthesis","Metabolism of terpenoids and polyketides"
"K22842","L-glutamate-5-semialdehyde N-acetyltransferase","Arginine and proline metabolism","Amino acid metabolism"
"K22847","S-sulfo-L-cysteine synthase (3-phospho-L-serine-dependent)","Cysteine and methionine metabolism","Amino acid metabolism"
"K22879","FAD-dependent urate hydroxylase","Purine metabolism","Nucleotide metabolism"
"K22881","Polyhydroxyalkanoate synthase subunit PhaE","Butanoate metabolism","Carbohydrate metabolism"
"K22896","Vanadium-dependent nitrogenase alpha chain","Nitrogen metabolism","Energy metabolism"
"K22897","Vanadium-dependent nitrogenase beta chain","Nitrogen metabolism","Energy metabolism"
"K22898","Vanadium nitrogenase delta subunit","Nitrogen metabolism","Energy metabolism"
"K22899","Vanadium nitrogenase iron protein","Nitrogen metabolism","Energy metabolism"
"K22912","5-amino-6-(5-phospho-D-ribitylamino)uracil phosphatase","Riboflavin metabolism","Metabolism of cofactors and vitamins"
"K22925","UDP-N-acetylglucosaminuronic acid 4-epimerase","Amino sugar and nucleotide sugar metabolism","Carbohydrate metabolism"
"K22926","UDP-N-acetylglucosamine 6-dehydrogenase","Amino sugar and nucleotide sugar metabolism","Carbohydrate metabolism"
"K22933","Galacturan 1,4-alpha-galacturonidase","Pentose and glucuronate interconversions","Carbohydrate metabolism"
"K22934","Alpha,alpha-trehalase","Starch and sucrose metabolism","Carbohydrate metabolism"
"K22935","D-ribulokinase","Pentose and glucuronate interconversions","Carbohydrate metabolism"
"K22954","Acyl homoserine lactone synthase","Cysteine and methionine metabolism","Amino acid metabolism"
"K22955","Acyl homoserine lactone synthase","Cysteine and methionine metabolism","Amino acid metabolism"
"K22956","Acyl homoserine lactone synthase","Cysteine and methionine metabolism","Amino acid metabolism"
"K22957","Acyl homoserine lactone synthase","Cysteine and methionine metabolism","Amino acid metabolism"
"K22968","Acyl homoserine lactone synthase","Cysteine and methionine metabolism","Amino acid metabolism"
"K22969","Glucose 1-dehydrogenase","Pentose phosphate pathway","Carbohydrate metabolism"
"K22982","Hydroxypyruvate reductase","Glyoxylate and dicarboxylate metabolism","Carbohydrate metabolism"
"K22994","Pectate disaccharide-lyase","Pentose and glucuronate interconversions","Carbohydrate metabolism"
"K23003","L-galactose dehydrogenase","Ascorbate and aldarate metabolism","Carbohydrate metabolism"
"K23004","L-galactono-1,5-lactonase","Ascorbate and aldarate metabolism","Carbohydrate metabolism"
"K23005","L-galactonate 5-dehydrogenase","Ascorbate and aldarate metabolism","Carbohydrate metabolism"
"K23007","L-galactonate 5-dehydrogenase","Ascorbate and aldarate metabolism","Carbohydrate metabolism"
"K23082","3-deoxy-D-manno-octulosonic acid-hydrolase","Lipopolysaccharide biosynthesis","Glycan biosynthesis and metabolism"
"K23083","3-deoxy-D-manno-octulosonic acid-hydrolase","Lipopolysaccharide biosynthesis","Glycan biosynthesis and metabolism"
"K23094","2-carboxy-1,4-naphthoquinone phytyltransferase","Ubiquinone and other terpenoid-quinone biosynthesis","Metabolism of cofactors and vitamins"
"K23095","Demethylphylloquinol methyltransferase","Ubiquinone and other terpenoid-quinone biosynthesis","Metabolism of cofactors and vitamins"
"K23109","Aromatic 2-oxoacid reductase","Tyrosine metabolism","Amino acid metabolism"
"K23121","Trans-4-hydroxy-L-proline dehydratase","Arginine and proline metabolism","Amino acid metabolism"
"K23123","5-oxoprolinase (ATP-hydrolysing) subunit B","Glutathione metabolism","Metabolism of other amino acids"
"K23124","5-oxoprolinase (ATP-hydrolysing) subunit C","Glutathione metabolism","Metabolism of other amino acids"
"K23144","UDP-N-acetylglucosamine diphosphorylase / glucose-1-phosphate thymidylyltransferase / UDP-N-acetylgalactosamine diphosphorylase / glucosamine-1-phosphate N-acetyltransferase / galactosamine-1-phosphate N-acetyltransferase","Polyketide sugar unit biosynthesis","Metabolism of terpenoids and polyketides"
"K23159","Lipid A 4'-phosphatase","Lipopolysaccharide biosynthesis","Glycan biosynthesis and metabolism"
"K23169","UDP-N-acetylmuramoyl-L-alanine---L-glutamate ligase","D-Glutamine and D-glutamate metabolism","Metabolism of other amino acids"
"K23170","UDP-N-acetyl-alpha-D-muramoyl-L-alanyl-L-glutamate epimerase","D-Glutamine and D-glutamate metabolism","Metabolism of other amino acids"
"K00566","TRNA-uridine 2-sulfurtransferase","Sulfur relay system","Folding, sorting and degradation"
"K01011","Thiosulfate/3-mercaptopyruvate sulfurtransferase","Sulfur metabolism","Energy metabolism"
"K03148","Sulfur carrier protein ThiS adenylyltransferase","Thiamine metabolism","Metabolism of cofactors and vitamins"
"K03151","TRNA uracil 4-sulfurtransferase","Thiamine metabolism","Metabolism of cofactors and vitamins"
"K03154","Sulfur carrier protein","Sulfur relay system","Folding, sorting and degradation"
"K03635","Molybdopterin synthase catalytic subunit","Folate biosynthesis","Metabolism of cofactors and vitamins"
"K03636","Sulfur-carrier protein","Sulfur relay system","Folding, sorting and degradation"
"K03637","Cyclic pyranopterin monophosphate synthase","Folate biosynthesis","Metabolism of cofactors and vitamins"
"K03639","GTP 3',8-cyclase","Folate biosynthesis","Metabolism of cofactors and vitamins"
"K03831","Molybdopterin adenylyltransferase","Folate biosynthesis","Metabolism of cofactors and vitamins"
"K04085","TRNA 2-thiouridine synthesizing protein A","Sulfur relay system","Folding, sorting and degradation"
"K04487","Cysteine desulfurase","Thiamine metabolism","Metabolism of cofactors and vitamins"
"K07235","TRNA 2-thiouridine synthesizing protein D","Sulfur relay system","Folding, sorting and degradation"
"K07236","TRNA 2-thiouridine synthesizing protein C","Sulfur relay system","Folding, sorting and degradation"
"K07237","TRNA 2-thiouridine synthesizing protein B","Sulfur relay system","Folding, sorting and degradation"
"K11179","TRNA 2-thiouridine synthesizing protein E","Sulfur relay system","Folding, sorting and degradation"
"K11996","Adenylyltransferase and sulfurtransferase","Sulfur relay system","Folding, sorting and degradation"
"K12161","Ubiquitin related modifier 1","Sulfur relay system","Folding, sorting and degradation"
"K14168","Cytoplasmic tRNA 2-thiolation protein 1","Sulfur relay system","Folding, sorting and degradation"
"K14169","Cytoplasmic tRNA 2-thiolation protein 2","Sulfur relay system","Folding, sorting and degradation"
"K14171","Alkyl hydroperoxide reductase 1","Sulfur relay system","Folding, sorting and degradation"
"K21028","Molybdopterin synthase sulfurtransferase","Sulfur relay system","Folding, sorting and degradation"
"K21029","Molybdopterin-synthase adenylyltransferase","Sulfur relay system","Folding, sorting and degradation"
"K21140","[CysO sulfur-carrier protein]-S-L-cysteine hydrolase","Sulfur relay system","Folding, sorting and degradation"
"K21142","MoaE-MoaD fusion protein","Folate biosynthesis","Metabolism of cofactors and vitamins"
"K21147","Sulfur-carrier protein adenylyltransferase/sulfurtransferase","Sulfur relay system","Folding, sorting and degradation"
"K21148","[CysO sulfur-carrier protein]-thiocarboxylate-dependent cysteine synthase","Sulfur relay system","Folding, sorting and degradation"
"K21232","Molybdopterin synthase sulfur carrier subunit","Sulfur relay system","Folding, sorting and degradation"
